repo_owner,repo_project,log_files,log_watch,size_bubble,primary_language,language_entropy
scalanlp,breeze,6.26530121273771,5.62040086571715,72.0,Scala,0.012405681510099
singro,v2ex,6.220590170099739,5.739792912179234,70.6,Objective-C,0.1103143293923468
DavidWells,isomorphic-react-example,2.70805020110221,5.993961427306569,62.4,JavaScript,0.0
clearwater-rb,clearwater,3.8066624897703196,5.214935757608986,47.9,Ruby,0.6929310670761849
krispo,angular-nvd3,2.70805020110221,5.342334251964811,47.7,JavaScript,0.0
nficano,python-lambda,3.044522437723423,5.159055299214529,33.6,Python,0.124679426198954
thoughtbot,laptop,1.791759469228055,6.432940092739179,46.9,Shell,0.0
antirez,disque,5.793013608384144,7.064759027791802,70.0,C,0.3475542942251004
hammerjs,hammer.js,4.2626798770413155,7.148345743900068,53.8,JavaScript,0.3945895319146136
jacomyal,sigma.js,5.135798437050262,6.573680166960646,62.0,TypeScript,0.3367951071134968
lingochamp,MagicProgressWidget,3.713572066704308,5.823045895483019,76.7,Java,0.0
timuric,Content-generator-sketch-plugin,7.491087593534876,6.246106765481563,81.9,JavaScript,0.0186068079068155
jhabdas,react-native-webpack-starter-kit,3.784189633918261,6.251903883165888,42.9,Objective-C,0.9364492730179425
lexrus,LTMorphingLabel,3.828641396489095,6.669498089857879,62.2,Swift,0.146575579467357
LukyVj,family.scss,4.290459441148391,7.315218389752975,58.1,SCSS,1.0686176754262529
hakimel,reveal.js,4.624972813284271,8.109525659752872,45.6,JavaScript,0.9797764260640672
perwendel,spark,5.209486152841421,6.906754778648554,63.8,Java,0.0034112258125083
wckr,wocker,1.791759469228055,5.075173815233827,35.6,Shell,0.0
shama,webpack-stream,2.9444389791664403,5.44673737166631,30.8,JavaScript,0.0
cwRichardKim,TinderSimpleSwipeCards,4.02535169073515,5.62040086571715,48.0,Objective-C,0.0
mikeizbicki,HLearn,4.382026634673881,5.209486152841421,65.6,Haskell,0.5553947166698964
lopspower,CircularImageView,3.8918202981106265,5.081404364984463,57.9,Kotlin,0.0182307124412461
raisemarketplace,redux-loop,3.258096538021482,6.342121418721152,50.7,JavaScript,0.0
vim-airline,vim-airline,4.276666119016055,6.961296045910167,51.4,Vim Script,0.0
crosswalk-project,crosswalk,7.158513997329321,5.955837369464831,77.6,C++,1.162613713326499
LTD-Beget,sprutio,5.5053315359323625,5.313205979041787,72.8,Python,0.1458511037008068
CoderJackyHuang,HYBLoopScrollView,4.454347296253507,5.6131281063880705,49.8,Objective-C,0.0248870831414198
javiereguiluz,EasyAdminBundle,6.429719478039138,5.834810737062605,79.5,PHP,0.8161931452624016
Shopify,toxiproxy,4.48863636973214,5.455321115357702,54.4,Go,0.2722436672002391
google,git-appraise,3.6109179126442243,6.220590170099739,45.2,Go,0.0
amsul,pickadate.js,4.990432586778736,6.100318952020064,39.2,JavaScript,0.4766432564965946
davyxu,cellnet,4.007333185232471,5.288267030694535,44.8,Go,0.0610956190753123
thephpleague,fractal,3.9318256327243257,5.332718793265369,33.2,PHP,0.0063345344406541
vmg,redcarpet,4.897839799950911,5.771441123130016,38.8,C,1.087202768934123
kevinlawler,NSDate-TimeAgo,3.9512437185814275,5.187385805840755,54.6,Objective-C,0.7923033087118908
InterNations,antwort,2.772588722239781,5.135798437050262,48.5,HTML,0.4619246175977168
browserstate,history.js,4.762173934797756,6.267200548541362,65.9,JavaScript,0.249181106685152
MortimerGoro,MGSwipeTableCell,4.127134385045092,6.7661917146603505,58.3,Objective-C,0.0835737208073936
renzifeng,ZFPlayer,4.9344739331306915,7.351799869057777,66.2,Objective-C,0.0576929128923893
antoniolg,Bandhook-Kotlin,4.61512051684126,5.318119993844216,51.2,Kotlin,0.0
babel,babel-sublime,4.897839799950911,6.26530121273771,64.5,JavaScript,0.0
spragunr,deep_q_rl,3.044522437723423,5.6240175061873385,37.9,Python,0.0833336261718681
facebook,mcrouter,6.5638555265321274,5.081404364984463,74.0,C++,0.4404410960060717
flarum,flarum,3.258096538021482,6.813444599510896,27.7,PHP,0.0
rspec,rspec-rails,5.429345628954441,5.58724865840025,62.1,Ruby,0.6661081946061963
bloomberg,ocamlscript,7.034387929915503,6.156978985585555,76.9,OCaml,0.7087229795241888
ReactiveX,RxJS,6.54534966033442,6.677083461247136,70.3,TypeScript,0.3421444770366614
babel,example-node-server,2.0794415416798357,5.351858133476067,45.8,JavaScript,0.0
Zephrys,monica,2.302585092994046,5.214935757608986,37.6,Python,0.0
agrison,harpoon,2.772588722239781,5.288267030694535,55.5,Go,0.0
webrtc,adapter,3.4011973816621555,5.3706380281276624,42.5,JavaScript,0.0063985238755578
brigade,react-waypoint,2.995732273553991,5.54907608489522,34.2,JavaScript,0.0366430440155071
ReactiveX,RxJava,6.39024066706535,8.329103028159418,83.0,Java,0.0082361467498379
OpenRCT2,OpenRCT2,6.408528791059498,6.244166900663736,81.3,C++,0.0923457709233066
johanneslumpe,react-native-fs,3.8066624897703196,5.497168225293202,61.8,Objective-C,1.1101539657360178
Shopify,dashing,4.465908118654584,6.626717749249025,47.9,JavaScript,0.4585441031530743
ipraba,EPSignature,4.204692619390966,5.924255797414532,47.6,Swift,0.2562687481662064
mxstbr,react-boilerplate,5.1298987149230735,8.329103028159418,54.3,JavaScript,0.2495218217337459
jOOQ,jOOL,5.075173815233827,5.278114659230517,71.4,Java,0.0
sitespeedio,coach,5.7430031878094825,6.792344427470809,84.1,JavaScript,0.2687913848570752
vitalets,x-editable,5.814130531825066,5.902633333401366,59.0,JavaScript,0.1251256883154258
SVG-Edit,svgedit,5.7745515455444085,5.723585101952381,74.8,JavaScript,0.1765722210272971
idevz,vanilla,4.204692619390966,5.43372200355424,61.9,Perl,0.7623132460423657
Yalantis,Pull-to-Refresh.Rentals-iOS,3.8066624897703196,5.278114659230517,51.9,Objective-C,0.2046140506710416
scylladb,scylla,7.050122520269059,6.175867270105761,81.0,C++,0.518024048562237
fullcalendar,fullcalendar,5.8944028342648505,6.421622267806518,61.2,TypeScript,0.5567418980790213
mikedeboer,node-github,3.8501476017100584,5.60947179518496,69.4,JavaScript,0.2953592626761195
lpereira,lwan,4.553876891600541,6.234410725718371,60.6,C,0.3902956964952868
KnuffApp,Knuff,5.41610040220442,7.4318919168078,54.9,Objective-C,0.0369469836805157
gamenet,redis-memory-analyzer,3.6635616461296463,5.198497031265826,45.9,Python,0.0098570265078259
michael,github,3.8918202981106265,5.634789603169249,59.9,JavaScript,0.0661285958682457
dmytrodanylyk,circular-progress-button,4.290459441148391,6.272877006546167,42.2,Java,0.0
otoolep,rqlite,3.6109179126442243,6.858565034791365,59.6,Go,0.0360517346782778
showdownjs,showdown,6.1903154058531475,6.063785208687608,65.7,JavaScript,0.5786964430611647
bazelbuild,bazel,8.555066843844319,6.439350371100098,98.0,Java,0.6372830326077018
gilbarbara,logos,6.776506992372183,6.075346031088684,78.5,SVG,0.0
MorganZhang100,zhihu-spider,2.0794415416798357,5.14166355650266,47.3,Python,0.0
interagent,prmd,4.584967478670572,5.075173815233827,44.5,Ruby,0.4218327370015637
unicorn-engine,unicorn,6.663132695990803,5.497168225293202,72.6,C,0.5762797685957249
sebyddd,SDVersion,3.7376696182833684,5.37989735354046,45.8,Objective-C,0.3098834652675689
PowerShellEmpire,Empire,5.594711379601839,5.8522024797744745,81.1,PowerShell,0.319462706251839
maisano,react-router-transition,2.995732273553991,5.840641657373398,39.9,JavaScript,0.3269893463595091
onyx-platform,onyx,5.932245187448011,5.455321115357702,74.6,Clojure,0.0192224271257523
christophercliff,flatmarket,3.8066624897703196,5.560681631015528,26.4,JavaScript,0.4809182242283494
apple,swift-package-manager,6.20455776256869,7.057036981697891,65.2,Swift,0.2793107064269054
antlr,antlr4,7.2640301428995295,5.968707559985366,78.5,Java,2.1319720495713987
ramsey,uuid,4.477336814478207,5.986452005284438,52.0,PHP,0.0
DefinitelyTyped,tsd,6.368187186350492,5.4638318050256105,67.6,TypeScript,0.6696606431427067
rancher,convoy,6.212606095751519,5.123963979403259,58.9,Go,0.4706172837083393
garnaat,kappa,4.59511985013459,5.54907608489522,58.0,Python,0.1967419361544915
javiersantos,PiracyChecker,4.1588830833596715,6.037870919922137,39.9,Java,0.6166427113825833
lelandrichardson,react-native-parallax-view,3.1354942159291497,5.327876168789581,58.7,JavaScript,0.6314981625543109
guillaumepotier,Parsley.js,6.028278520230698,6.206575926724928,66.0,JavaScript,0.1473206923389722
volkanceylan,Serenity,8.45638105201948,5.4116460518550396,88.9,C#,1.000430463464782
newsapps,beeswithmachineguns,2.3978952727983707,5.680172609017068,62.6,Python,0.0
artem-zinnatullin,RxJavaProGuardRules,2.9444389791664403,5.3230099791384085,39.7,Shell,0.0
sahat,hackathon-starter,5.030437921392435,8.19836438996762,41.3,JavaScript,1.1096429777055732
jakemmarsh,angularjs-gulp-browserify-boilerplate,4.143134726391533,5.351858133476067,38.3,JavaScript,0.3431233699697247
raulriera,TextFieldEffects,3.58351893845611,6.63200177739563,68.0,Swift,0.2897645954260352
satyan,sugar,4.990432586778736,6.0330862217988015,58.6,Java,0.0
dresende,node-orm2,4.7535901911063645,5.655991810819852,58.7,JavaScript,0.0028634540468073
douban,code,7.549082710812286,5.241747015059643,87.3,CSS,1.0609263914646223
rtsao,csjs,4.1588830833596715,5.541263545158426,45.5,JavaScript,0.4900090319876011
angular,react-native-renderer,5.017279836814924,5.662960480135946,85.4,TypeScript,0.3242992968773253
yasintoy,SnipLime,4.007333185232471,5.135798437050262,48.7,Python,0.0
matt-42,silicon,4.553876891600541,5.673323267171493,59.6,C++,0.2318133023286598
niftylettuce,node-email-templates,3.5263605246161616,5.384495062789089,52.3,JavaScript,0.0
collectiveidea,delayed_job,4.0943445622221,5.209486152841421,48.9,Ruby,0.0
manuelescrig,MEVFloatingButton,4.605170185988092,5.267858159063328,51.9,Objective-C,0.6367928343801325
collectiveidea,audited,4.07753744390572,5.19295685089021,36.9,Ruby,0.0
twbs,ratchet,4.90527477843843,6.715383386334681,64.2,CSS,0.6975655163538967
mde,ejs,4.543294782270004,5.560681631015528,32.1,JavaScript,0.0
tiborsaas,unique-gradient-generator,4.6913478822291435,5.616771097666572,88.1,JavaScript,0.9029335525817728
mogujie,TeamTalk,8.550241045462437,7.010311867307229,89.7,Objective-C,1.597484980034472
dmauro,Keypress,2.995732273553991,5.170483995038151,24.1,CoffeeScript,0.4060840308294531
mrdoob,three.js,7.639161171659173,8.075271546297458,98.8,JavaScript,0.8338001343169292
lcobucci,jwt,4.330733340286331,5.986452005284438,54.1,PHP,0.0257585800711166
square,wire,5.598421958998375,5.916202062607435,69.6,Kotlin,0.8497215031273759
PaperAirplane-Dev-Team,BlackLight,6.398594934535208,5.272999558563747,67.6,Kotlin,0.1601080708073487
CaMnter,EasyGank,5.117993812416755,6.184148890937483,64.4,Java,0.0229901582293035
Coding,Coding-iOS,7.48324441607385,6.643789733147672,80.1,Objective-C,0.1074796632384054
sindresorhus,pure,2.4849066497880004,5.631211781821365,66.0,Shell,0.0
preciousforever,sketch-data-populator,4.634728988229636,5.552959584921617,80.2,JavaScript,0.0
HashNuke,hound,4.30406509320417,5.41610040220442,50.2,Elixir,0.1339880686087284
jinzhu,gorm,4.04305126783455,6.752270376141742,53.2,Go,0.0027398423886286
lankton,android-flowlayout,4.1588830833596715,5.342334251964811,74.0,Java,0.0
LiuLang,bcloud,4.30406509320417,5.634789603169249,62.0,Python,0.0
delba,SwiftyOAuth,3.9318256327243257,5.0689042022202315,49.5,Swift,0.1081669125345317
FezVrasta,popper.js,3.332204510175204,7.998671361015776,51.6,JavaScript,0.1658925746065969
ecomfe,fontmin,3.6109179126442243,5.869296913133774,47.9,JavaScript,0.1865650655433255
SickRage,SickRage,8.081784206935001,6.2166061010848646,87.1,Python,0.939424841578326
celluloid,celluloid,4.795790545596741,5.288267030694535,48.8,Ruby,0.0
kymjs,TheMVP,4.624972813284271,5.634789603169249,53.9,Java,0.0
angular,quickstart,3.1780538303479458,6.152732694704104,39.0,JavaScript,0.5415781317492507
Rochester-NRT,AlphaGo,4.1588830833596715,8.329103028159418,53.9,JavaScript,0.9726242432514516
DKirwan,calendar-heatmap,2.1972245773362196,7.271008538280992,33.8,JavaScript,0.693147250588116
krishnasrinivas,wetty,2.772588722239781,5.214935757608986,43.5,TypeScript,0.8839006721912374
hilios,jQuery.countdown,3.332204510175204,5.43372200355424,44.7,JavaScript,0.0
Terry-Mao,goim,4.919980925828125,5.863631175598097,69.9,Go,0.1453079191259192
jsoma,tabletop,3.4657359027997265,5.583496308781699,40.5,JavaScript,0.2811463290938807
ellisonleao,sharer.js,2.4849066497880004,6.773080375655535,52.6,JavaScript,0.0
yosinski,deep-visualization-toolbox,4.248495242049359,5.420534999272286,67.6,Python,0.09058556057278
Samsung,ADBI,5.786897381366708,5.187385805840755,70.8,C,1.1506031194760376
rpush,rpush,5.5053315359323625,5.062595033026967,64.0,Ruby,0.0
baidao,YTXAnimations,4.442651256490317,5.293304824724492,82.8,Objective-C,0.0742695233796734
ant0ine,go-json-rest,3.8918202981106265,5.932245187448011,52.3,Go,0.0
nmattisson,DropdownMenu,3.58351893845611,5.2574953720277815,58.2,Objective-C,0.0779401002470825
hamsternz,FPGA_Webserver,4.110873864173311,6.410174881966167,52.3,VHDL,0.0
nlf,dlite,6.249975242259483,7.67275789664251,67.4,Go,0.0
brettwooldridge,HikariCP,4.48863636973214,6.450470422144176,67.1,Java,0.0806801066894392
godotengine,godot,8.651199471263972,7.029972911706386,83.5,C++,0.5956119968529627
skimarxall,RxFlux,4.290459441148391,5.1298987149230735,56.8,Java,0.0
lyft,scoop,5.267858159063328,5.19295685089021,71.5,Java,0.0306843696874037
caolan,async,5.176149732573829,7.785720896534624,54.4,JavaScript,0.2090051400230764
konifar,droidkaigi2016,5.497168225293202,6.375024819828097,65.3,Java,0.0160487585930938
snowplow,snowplow,6.726233402358747,5.82600010738045,98.4,Scala,1.5039646850743325
gowong,material-sheet-fab,4.543294782270004,5.303304908059076,47.8,Java,0.0
slazyk,Observable-Swift,3.1780538303479458,5.545177444479562,39.0,Swift,0.0714172676027931
williamngan,pt,5.659482215759621,5.153291594497779,80.7,CoffeeScript,0.8577193124982792
shockone,black-screen,4.584967478670572,8.329103028159418,72.0,TypeScript,0.1642241373957594
rasmusth,BluetoothKit,5.262690188904886,5.19295685089021,63.5,Swift,0.0914282561701537
bestmomo,laravel5-example,6.406879986069314,5.575949103146316,72.6,JavaScript,1.4131170991647537
vczero,react-native-lesson,4.2626798770413155,6.939253946041508,67.4,HTML,0.5054202041734471
edravis,logatim,2.9444389791664403,5.332718793265369,45.1,JavaScript,0.0
Grouper,FlatUIKit,4.653960350157523,6.326149473155099,67.0,Objective-C,0.059221573040344
tymondesigns,jwt-auth,4.700480365792417,6.74993119378857,59.4,PHP,0.0
overtake,telegram,7.88193748927207,5.472270673671475,85.0,Objective-C,0.3485580061021783
power-assert-js,power-assert,2.995732273553991,5.598421958998375,79.5,JavaScript,0.0036398910858051
grpc,grpc,8.808581387699085,7.19668657083435,85.0,C++,1.3358716782718487
ansman,validate.js,3.9512437185814275,5.298317366548036,66.7,JavaScript,0.6887626084384452
GetmeUK,ContentTools,5.247024072160486,6.163314804034641,66.0,JavaScript,1.061720508834144
poolqf,FillableLoaders,3.367295829986474,5.723585101952381,83.1,Swift,0.1529596301378043
slackhq,node-slack-client,4.653960350157523,5.755742213586912,47.5,JavaScript,0.0
hashicorp,best-practices,4.442651256490317,5.3706380281276624,52.8,HCL,0.7938459837040021
awentzonline,image-analogies,3.912023005428146,7.822444729489319,55.8,Python,0.0
mybatis,mybatis-3,7.3395376954076745,6.8001700683022,76.8,Java,0.0426898730384743
xiaofei86,UIKitDynamics,4.143134726391533,5.476463551931511,74.0,Objective-C,0.0
pandao,editor.md,6.251903883165888,6.507277712385012,60.0,JavaScript,0.7246156554053172
sophron,wifiphisher,3.8066624897703196,5.768320995793772,57.7,Python,0.7611697057565561
Apipie,apipie-rails,4.997212273764115,5.19295685089021,62.0,Ruby,0.3306406073717052
PHPMailer,PHPMailer,4.859812404361672,7.166265974133638,39.9,PHP,0.0372251641043773
wasabeef,glide-transformations,4.07753744390572,6.47543271670409,53.0,Java,0.3259824892570645
plotly,plotly.py,5.081404364984463,6.437751649736401,55.2,Python,0.1051177710791398
hilen,TSWeChat,6.714170529909472,7.018401799069201,91.4,Swift,0.1423228182472081
ybogdanov,history-timeline,3.6635616461296463,5.318119993844216,82.1,JavaScript,0.0409744728882828
Uncodin,bypass,4.976733742420574,5.111987788356544,73.6,C,1.4753633755930171
ShareX,ShareX,7.636752112435779,6.597145701886651,86.1,C#,0.0509736615952379
sergeche,emmet-sublime,3.5263605246161616,5.929589143389895,40.3,JavaScript,0.5440972951066045
riemann,riemann,5.0238805208462765,5.332718793265369,56.2,Clojure,0.1424988514834482
octokit,octokit.rb,6.39024066706535,5.247024072160486,85.0,Ruby,0.0311144103736252
Microsoft,TypeScript-Sublime-Plugin,4.770684624465665,5.225746673713202,92.5,JavaScript,0.0277397975573031
lukehaas,css-loaders,3.5553480614894135,6.037870919922137,36.3,CSS,0.107004498883688
Homebrew,homebrew,8.315566483564277,7.745002803515839,70.4,Ruby,0.1115835424876886
kristopolous,BOOTSTRA.386,6.957497370876951,5.420534999272286,75.3,HTML,1.330897815361431
SimonFairbairn,SwiftyMarkdown,3.367295829986474,6.3784261836515865,32.8,Swift,0.0418497565448396
remind101,empire,7.315218389752975,5.69035945432406,83.9,Go,0.1118825569695812
linkedin,databus,6.910750787961936,5.2832037287379885,83.1,Java,0.0584978393525039
ehazlett,interlock,6.278521424165844,5.5134287461649825,63.1,Go,0.05456201829755
devxoul,URLNavigator,2.9444389791664403,6.586171654854675,57.3,Swift,0.0609997480984074
andrewngu,sound-redux,5.049856007249537,6.6895992691789665,57.2,JavaScript,0.6900369305725585
oddbird,susy,5.0238805208462765,5.840641657373398,57.6,SCSS,0.758314595734669
passy,build-time-tracker-plugin,3.6635616461296463,6.144185634125646,51.5,Groovy,0.0468251307633765
atomicobject,objection,6.035481432524756,5.075173815233827,57.8,Objective-C,0.217327133028726
zurb,foundation-sites,5.976350909297934,7.498315870766981,68.7,HTML,0.9582004563410356
gcuisinier,jenv,4.330733340286331,5.293304824724492,50.6,Shell,0.0
ColinEberhardt,VCTransitionsLibrary,5.0689042022202315,6.210600077024653,80.5,Objective-C,0.042983831906469
ncrocfer,whatportis,2.70805020110221,6.3473892096560105,26.1,Python,0.0
yxping,AdhesiveLoadingView,3.8918202981106265,5.860786223465865,48.9,Java,0.0
rakyll,gom,3.367295829986474,6.7357800142423265,47.7,Go,0.0
kishikawakatsumi,KeychainAccess,3.912023005428146,6.345636360828596,52.6,Swift,0.2195815261094408
timekit-io,booking-js,4.143134726391533,5.602118820879701,54.5,JavaScript,0.8534350088103355
paypal,react-engine,3.784189633918261,5.318119993844216,49.0,JavaScript,0.0
treasure-data,redux-search,3.828641396489095,5.262690188904886,46.5,JavaScript,0.3106247486837172
request,request,4.7535901911063645,7.5883236773352225,59.7,JavaScript,0.0548385694489878
GitbookIO,gitbook,5.755742213586912,7.377133712833954,61.5,JavaScript,0.0
cSploit,android,6.163314804034641,5.3981627015177525,71.4,Java,0.0252861526480252
rmtheis,android-ocr,4.248495242049359,5.2574953720277815,60.3,Java,0.119957249447912
visualfc,goqt,4.532599493153256,6.654152520183219,51.6,Go,0.5347563463150868
robbdimitrov,RDVTabBarController,3.9889840465642745,5.8805329864007,48.0,Objective-C,0.0716284959792549
ghiden,angucomplete-alt,3.6635616461296463,5.1298987149230735,59.9,JavaScript,0.9139030569767544
wooorm,alex,3.295836866004329,6.352629396319567,42.7,JavaScript,0.0
google,grr,7.38770923908104,5.802118375377063,90.5,Python,0.8217989194631643
markfinger,python-react,4.31748811353631,5.407171771460119,34.5,Python,0.4440041280041893
svg,svgo,5.375278407684165,6.90975328164481,57.7,JavaScript,0.1117466068505952
dcos,dcos,5.8916442118257715,6.1675164908883415,65.3,Python,0.8099499963382643
remixz,messenger-bot,3.044522437723423,6.169610732491456,44.1,JavaScript,0.0
rasbt,pattern_classification,5.777652323222656,5.765191102784844,100.0,Jupyter Notebook,0.1953045871614239
holman,dotfiles,4.276666119016055,6.075346031088684,41.7,Shell,0.8298450680297131
ipraba,EPShapes,4.477336814478207,5.733341276897746,40.0,Swift,0.8619089765044231
Valloric,YouCompleteMe,4.418840607796598,7.469083884921234,59.8,Python,0.3180248460785013
philc,vimium,4.584967478670572,6.9167150203536085,63.2,JavaScript,0.4854912948311654
expressjs,body-parser,3.091042453358316,5.726847747587197,59.9,JavaScript,0.0
anishathalye,neural-style,2.70805020110221,5.981414211254481,56.4,Python,0.0
resin-io,etcher,4.990432586778736,6.354370040797351,65.4,JavaScript,0.7604532313740185
kkga,spacegray,4.1588830833596715,6.059123195581797,74.2,JavaScript,0.0
rom-rb,rom,5.214935757608986,5.220355825078324,58.1,Ruby,0.0173704673286004
derekparker,delve,6.20455776256869,6.839476438228843,57.5,Go,0.183784577103166
alphamu,AnimatedEditText,3.713572066704308,5.736572297479192,41.2,Java,0.0
jasny,bootstrap,4.859812404361672,5.455321115357702,68.9,CSS,0.7458563524533237
nghialv,MaterialKit,3.9318256327243257,5.739792912179234,86.7,Swift,0.0357608210049489
SkillCollege,SimplifyReader,6.658011045870748,6.715383386334681,75.6,Java,0.0566016205501294
zircote,swagger-php,4.7535901911063645,5.3230099791384085,47.5,PHP,0.0
jashkenas,underscore,3.871201010907891,7.498315870766981,43.4,JavaScript,0.6415426726088124
Polymer,polymer,5.529429087511423,7.468513271496337,66.8,HTML,0.6666944330702241
creationix,nvm,5.2574953720277815,8.108021221376747,52.1,Shell,0.1515519794888955
rangle,augury,5.442417710521793,5.236441962829949,85.8,TypeScript,0.770830739378394
afollestad,material-camera,4.2626798770413155,6.059123195581797,53.7,Java,0.0
Haacked,Scientist.net,3.713572066704308,5.75890177387728,49.4,C#,0.2099112923326162
RobertGummesson,BuildTimeAnalyzer-for-Xcode,3.295836866004329,6.220590170099739,40.5,Swift,0.3641026972674102
a5hik,ng-sortable,4.127134385045092,5.181783550292085,30.2,JavaScript,0.1513754714460872
rancher,rancher,3.9318256327243257,7.1252830915107115,47.8,Go,0.5727319371713256
thewei,react-native-store,3.044522437723423,5.220355825078324,50.1,JavaScript,0.0
streamproc,MediaStreamRecorder,3.9512437185814275,5.181783550292085,59.5,JavaScript,0.0527783603720965
MxABC,LBXScan,6.961296045910167,5.991464547107982,55.9,Objective-C,0.0327818637087536
chrisbanes,Android-PullToRefresh,4.859812404361672,6.931471805599453,48.6,Java,0.0
kbastani,spring-cloud-microservice-example,4.51085950651685,5.762051382780177,46.0,Java,0.1513122741680854
apache,thrift,7.655390644826152,6.150602768446279,80.0,C++,2.6442483488387665
MongoEngine,mongoengine,4.700480365792417,5.117993812416755,65.2,Python,0.0
mmozuras,pronto,4.700480365792417,5.241747015059643,87.2,Ruby,0.0
visionmedia,superagent,4.394449154672439,7.451241684987676,55.4,JavaScript,0.3787245880365234
Raizlabs,RZTransitions,4.532599493153256,5.298317366548036,66.3,Objective-C,0.4359913802312416
aFarkas,lazysizes,4.5217885770490405,6.665683717782408,46.9,JavaScript,0.8164468308755825
yiisoft,yii2-app-advanced,5.5254529391317835,5.0689042022202315,55.8,PHP,0.3828992127688837
robbiehanson,CocoaHTTPServer,5.476463551931511,6.049733455231958,66.5,Objective-C,0.0
twitter-fabric,velocity-react,3.367295829986474,6.135564891081739,33.1,JavaScript,0.0
epoberezkin,ajv,5.111987788356544,5.683579767338681,66.4,JavaScript,0.0629413600011717
traildb,traildb,4.736198448394496,6.3080984415095305,84.6,C,0.2463602497616521
AngularClass,NG6-starter,3.9889840465642745,6.3473892096560105,30.8,JavaScript,0.449177420188755
biokoda,actordb,3.6109179126442243,6.063785208687608,53.9,Erlang,0.7196843709540665
jlord,git-it-electron,8.572817095164234,5.84354441703136,100.0,Perl,1.4839908114341664
adad184,MMPulseView,3.044522437723423,5.10594547390058,45.8,Objective-C,0.1530692478813882
astaxie,bat,2.70805020110221,5.225746673713202,54.4,Go,0.0178992383835751
CreateJS,SoundJS,5.459585514144159,5.41610040220442,65.5,JavaScript,0.5673990861495704
argon,node-apn,4.219507705176107,5.869296913133774,58.6,JavaScript,0.0
stitchfix,pyxley,5.2574953720277815,6.182084906716632,58.0,JavaScript,0.0885785971324778
kemayo,sublime-text-git,3.4657359027997265,5.147494476813453,53.7,Python,0.0
airbnb,enzyme,5.1298987149230735,8.051659556841953,59.9,JavaScript,0.0021355885325303
Varying-Vagrant-Vagrants,VVV,3.970291913552122,6.411818267709897,43.0,Shell,0.2569446413110573
carlbutron,Swift,7.107425474110705,6.489204931325317,78.7,Swift,0.0835633389669948
yavski,fab-speed-dial,4.418840607796598,5.3612921657094255,65.1,Java,0.0
web-perf,react-worker-dom,3.6109179126442243,5.170483995038151,50.4,JavaScript,0.2507698488410574
trulia,hologram,4.382026634673881,5.605802066295998,59.3,Ruby,0.1032781950140431
tylingsoft,markdown-plus,4.6443908991413725,5.575949103146316,53.6,JavaScript,0.3129034660155197
kadirahq,react-komposer,3.6888794541139363,5.855071922202427,44.2,JavaScript,0.3088052684831684
taptapship,wiredep,5.25227342804663,5.159055299214529,42.0,JavaScript,0.8200534304888256
arsduo,koala,4.127134385045092,5.117993812416755,68.7,Ruby,0.0
moment,moment,6.234410725718371,7.861341795599989,69.6,JavaScript,0.0202103897080095
Ramotion,expanding-collection,4.700480365792417,7.113142108707088,68.3,Swift,0.1053979822221377
WellCommerce,WellCommerce,8.275885669474356,5.645446897643238,88.2,JavaScript,0.9349437892516134
skyfishjy,android-ripple-background,3.5263605246161616,5.327876168789581,38.6,Java,0.4510826442287708
openalpr,openalpr,6.095824562432225,6.1224928095143865,75.1,C++,0.7741247548650425
TransitApp,SVWebViewController,3.8501476017100584,5.332718793265369,34.6,Objective-C,0.1259801465258414
brendangregg,perf-tools,4.382026634673881,5.840641657373398,62.3,Shell,0.4113392331925671
ericclemmons,npm-install-webpack-plugin,4.007333185232471,6.740519359606223,26.1,JavaScript,0.0561961681964124
commitizen,cz-cli,4.0943445622221,6.056784013228625,43.2,JavaScript,0.1102067487681242
brianwernick,ExoMedia,4.736198448394496,6.180016653652572,55.9,Kotlin,0.0
bmelnychuk,AndroidTreeView,4.174387269895637,5.5093883366279774,51.7,Java,0.0
mesos,chronos,6.061456918928017,5.707110264748875,71.7,Scala,0.6061812301417941
littleark,githut,3.9889840465642745,5.123963979403259,56.6,HTML,0.9974613758569636
milessabin,shapeless,5.313205979041787,5.579729825986222,66.4,Scala,0.0027419892189699
JorgeCastilloPrz,AndroidFillableLoaders,4.465908118654584,5.214935757608986,78.7,Java,0.0
kpdecker,six-speed,4.624972813284271,5.0689042022202315,49.0,JavaScript,0.4872541175951286
kakajika,SwipeAwayDialog,3.828641396489095,6.335054251498059,42.9,Java,0.0
JakeWharton,butterknife,5.117993812416755,8.01532730902172,67.0,Java,0.2878153673503527
renzifeng,ZFZhiHuDaily,5.53338948872752,5.198497031265826,54.8,Objective-C,0.693810115521583
checkstyle,checkstyle,7.489970898834801,5.811140992976701,82.5,Java,0.1139934942507794
JohnCoates,Aerial,3.8501476017100584,7.049254841255837,22.8,Swift,0.0199333621304576
lmgonzalves,segment,3.044522437723423,5.958424693029782,38.3,CSS,1.0683637905478274
goadesign,goa,5.231108616854587,5.717027701406222,68.4,Go,0.0134381155145689
Codeception,CodeceptJS,5.318119993844216,5.204006687076795,55.1,JavaScript,0.2643818483437423
necolas,react-native-web,4.969813299576001,7.050122520269059,65.1,JavaScript,0.5929274563685683
tholman,90s-cursor-effects,1.9459101490553132,5.7430031878094825,43.6,JavaScript,0.0
mojotech,jeet,3.9512437185814275,5.4510384535657,34.7,CSS,0.2231943344663434
spinnaker,spinnaker,5.209486152841421,6.470799503782602,66.5,Shell,0.7802898117049945
PhamBaTho,BTNavigationDropdownMenu,3.367295829986474,6.431331081933479,65.4,Swift,0.1078946609842933
thoughtbot,bourbon,5.049856007249537,6.520621127558696,51.6,Ruby,0.4103596379733845
begriffs,postgrest,4.189654742026425,6.97166860472579,63.1,Haskell,0.230009051127247
devunwired,recyclerview-playground,3.8918202981106265,5.225746673713202,41.6,Java,0.0
iPaulPro,Android-ItemTouchHelper-Demo,3.7376696182833684,5.921578419643816,34.3,Java,0.0
dunglas,DunglasActionBundle,3.4339872044851463,5.123963979403259,40.3,PHP,0.0
aporter,coursera-android,7.501634457883413,5.3706380281276624,70.8,Java,0.5889684435244505
roots,trellis,4.882801922586371,5.846438775057725,58.5,Jinja,0.8437137879291494
adilyalcin,Keshif,6.361302477572996,5.605802066295998,93.1,JavaScript,0.5900432640737997
drupal-composer,drupal-project,2.302585092994046,5.062595033026967,40.7,PHP,0.3744254843509188
schemaorg,schemaorg,6.156978985585555,5.726847747587197,96.6,HTML,0.2162416022562542
johnlui,FireUpYourVPN,3.9318256327243257,5.389071729816501,71.4,Swift,0.0
gjiazhe,Up-Down,3.2188758248682006,5.308267697401205,49.6,Swift,0.0
meefik,linuxdeploy,5.25227342804663,5.153291594497779,65.8,Java,0.5738102136177676
pheuter,essential-react,3.1354942159291497,5.393627546352362,47.7,JavaScript,0.5519206234131036
tiancaiCC,SpringFloatingActionMenu,4.2626798770413155,5.3706380281276624,59.1,Java,0.0
nanoc,nanoc,5.905361848054571,5.147494476813453,64.4,Ruby,0.0
olivierlacan,keep-a-changelog,3.1780538303479458,5.6131281063880705,51.9,Haml,0.1783767037660373
apache,camel,8.808581387699085,5.135798437050262,95.5,Java,0.0712740176650594
joeldev,JLRoutes,2.6390573296152584,6.483107351457199,57.2,Objective-C,0.0346641754473031
Shougo,dein.vim,3.295836866004329,6.220590170099739,61.0,Vim Script,0.3158359102670199
systemjs,systemjs,5.66988092298052,7.349230824613334,53.2,JavaScript,0.1563265574810967
withoutboats,notty,4.290459441148391,5.733341276897746,59.5,Rust,0.0111406989338826
walterhiggins,ScriptCraft,5.278114659230517,5.3612921657094255,76.3,JavaScript,0.1195760919181712
changbenny,scrollbear,3.1354942159291497,6.1779441140506,46.4,JavaScript,0.0
rancher,os,7.633369649679584,6.320768294250582,72.0,Go,0.4499105060720116
Fody,Fody,5.225746673713202,5.288267030694535,83.4,C#,0.0
gorhill,uBlock,5.983936280687191,7.495541943884256,75.6,JavaScript,0.515083996627159
yajra,laravel-datatables,3.9512437185814275,5.6937321388027,56.9,PHP,0.0
jaredhanson,oauth2orize,4.51085950651685,5.459585514144159,60.0,JavaScript,0.005786052740082
rebus007,BottomDialog,4.23410650459726,5.641907070938114,41.9,Java,0.0
wingjay,BlurImageView,3.9889840465642745,5.666426688112432,78.8,Java,0.0
BCsl,CursorWheelLayout,4.290459441148391,5.993961427306569,84.5,Java,0.0
mhinz,vim-startify,3.044522437723423,5.6937321388027,57.6,Vim script,0.0547737312956052
Diolor,Swipecards,3.6635616461296463,5.8944028342648505,30.4,Java,0.0
vakata,jstree,4.820281565605037,5.849324779946859,67.4,JavaScript,0.6111800980083478
facebook,infer,7.403061091090091,6.699500340161678,78.2,OCaml,1.495332242715186
yuche,vue-strap,4.3694478524670215,6.754604099487962,74.3,JavaScript,0.3939937384201167
udacity,Sunshine-Version-2,4.927253685157205,6.93828448401696,63.6,Java,0.0
bendc,animateplus,1.9459101490553132,6.1070228877422545,47.6,JavaScript,0.0
SublimeLinter,SublimeLinter3,5.123963979403259,5.075173815233827,68.7,Python,0.0104141360457435
ltebean,LTNavigationBar,3.258096538021482,6.400257445308821,36.8,Objective-C,0.1779596929031642
trivago,gollum,6.519147287940395,5.71042701737487,70.1,Go,0.0921844387567605
masmu,pulseaudio-dlna,4.174387269895637,5.442417710521793,61.1,Python,0.1360079205481308
phusion,baseimage-docker,3.7376696182833684,6.4692503167957724,58.7,Shell,0.9017610293908412
JustArchi,ArchiSteamFarm,5.1298987149230735,5.932245187448011,78.6,C#,1.1637914492764756
TakWolf,CNode-Material-Design,5.755742213586912,5.3612921657094255,84.6,Java,0.6306811707461392
tchoulihan,torrenttunes-client,7.240649694255466,5.332718793265369,70.4,Java,1.2815300575829156
ericmakesstuff,laravel-server-monitor,3.970291913552122,5.726847747587197,52.3,PHP,0.0
sockeqwe,mosby,6.424869023905388,6.804614520062624,74.0,Java,0.0221061548541774
Automattic,wp-calypso,8.20631072579402,7.029972911706386,84.6,JavaScript,0.9707933815258616
ai,easings.net,3.8066624897703196,5.902633333401366,46.8,CSS,1.3205137260975763
Perspex,Perspex,7.283448228756631,5.713732805509369,73.7,C#,0.0992528861881725
EyalAr,lwip,5.6131281063880705,5.771441123130016,66.7,C,0.839302342467285
ribot,android-boilerplate,4.406719247264253,6.902742737158593,51.5,Java,0.0
flyou,Girls,4.859812404361672,6.049733455231958,51.0,Java,0.0
ipselon,structor,6.635946555686647,6.593044534142437,83.1,JavaScript,0.2862652422333598
tufu9441,maupassant-hexo,3.8918202981106265,5.762051382780177,48.6,SCSS,0.9402860784051372
AlessandroZ,LaZagne,4.804021044733257,5.049856007249537,60.6,Python,0.0
bucaran,fly,4.663439094112067,5.389071729816501,54.9,JavaScript,0.0
VSCodeVim,Vim,4.276666119016055,5.605802066295998,59.2,TypeScript,0.038152441522275
antirez,redis,6.354370040797351,7.830822995135316,73.2,C,0.5048272744527146
luvit,luvit,5.641907070938114,5.4116460518550396,64.9,Lua,0.2637729293581405
substack,tape,4.356708826689592,6.728628613084702,24.1,JavaScript,0.0135371590219362
rustbridge,neon,4.454347296253507,5.860786223465865,57.6,Rust,0.8803243404276563
hugeterry,coderfun,4.844187086458591,5.327876168789581,43.9,Java,0.0
nfnt,resize,2.70805020110221,5.0689042022202315,32.4,Go,0.0
kanflo,aaduino,2.3978952727983707,6.663132695990803,34.3,Arduino,0.0
indexzero,nconf,3.912023005428146,5.799092654460526,45.3,JavaScript,0.0
FredericHeem,starhackit,5.905361848054571,5.3471075307174685,72.6,JavaScript,0.3136411559755319
python-telegram-bot,python-telegram-bot,5.476463551931511,6.476972362889683,62.6,Python,0.0017952871887598
matryer,bitbar,4.189654742026425,8.329103028159418,56.8,Objective-C,0.165886255508886
pyupio,statuspage,2.995732273553991,8.044305406990638,14.8,Python,0.348055276195324
card-io,card.io-Android-SDK,3.1354942159291497,5.356586274672012,99.6,Java,0.0
makovkastar,FloatingActionButton,4.564348191467836,6.115892125483034,50.1,Java,0.0
activeadmin,activeadmin,6.267200548541362,5.8998973535824915,68.7,Ruby,0.9078612099398202
katiefenn,parker,3.9889840465642745,5.332718793265369,52.4,JavaScript,0.0
aimacode,aima-python,4.219507705176107,6.324358962381311,64.3,Jupyter Notebook,0.4646430317838953
marmelroy,Format,3.713572066704308,5.231108616854587,51.6,Swift,0.3915409940736623
spadgos,sublime-jsdocs,3.258096538021482,5.703782474656201,42.8,Python,0.6673369685144932
erikw,tmux-powerline,4.143134726391533,5.262690188904886,54.4,Shell,0.4359650154035236
edx,ux-pattern-library,5.634789603169249,5.3706380281276624,60.3,SCSS,0.9982707184647353
rest-client,rest-client,4.110873864173311,5.7745515455444085,57.1,Ruby,0.0
molnarg,node-http2,3.367295829986474,5.780743515792329,62.5,JavaScript,0.0
producthunt,producthunt-osx,5.0238805208462765,5.971261839790462,81.0,Swift,0.3653098562321779
paralect,robomongo,8.271036865792954,6.634633357861686,81.9,C++,0.7561921666470715
MaxHalford,gago,4.204692619390966,5.117993812416755,63.8,Go,0.0
vim-airline,vim-airline-themes,4.382026634673881,5.272999558563747,52.1,Vim Script,0.0
docker,notary,7.5310163320779155,5.288267030694535,76.1,Go,0.1923273826278204
lancy,CaesarParser,2.9444389791664403,5.652489180268651,31.1,Swift,0.0729155789370962
moroshko,react-autosuggest,4.31748811353631,6.052089168924417,54.7,JavaScript,0.0116806232002404
mgp25,Chat-API,5.017279836814924,6.673297967767654,66.8,PHP,0.0
bitsquare,bitsquare,7.022868086082641,5.123963979403259,74.5,Java,0.1044744566784078
jflesch,paperwork,4.454347296253507,7.1372784372603855,64.4,Python,0.0631898512611169
jprichardson,node-fs-extra,4.804021044733257,5.8888779583328805,46.3,JavaScript,0.0
meanjs,mean,5.267858159063328,6.369900982828227,63.2,JavaScript,0.3733848691932283
ubuntu,ubuntu-make,5.971261839790462,5.181783550292085,74.8,HTML,0.7541755531013067
hkellaway,Gloss,3.9512437185814275,6.139884552226255,63.1,Swift,0.0468343829650029
aws,aws-sdk-ruby,6.921658184151129,5.170483995038151,77.2,Ruby,0.0082403730807457
google,ios-webkit-debug-proxy,3.871201010907891,5.676753802268282,44.9,C,0.1225082915269873
ZhaoKaiQiang,JianDan,5.71042701737487,5.293304824724492,55.8,Java,0.1063427914526989
0xd4d,de4dot,6.175867270105761,5.225746673713202,74.4,C#,0.0030132681020315
angular,angular-phonecat,4.983606621708336,5.8888779583328805,52.1,JavaScript,1.2113456639674578
slevithan,xregexp,4.060443010546419,5.181783550292085,40.9,JavaScript,0.1703746957322663
hyperoslo,Sync,4.836281906951478,5.545177444479562,76.3,Swift,0.0793662339164724
ketoo,NoahGameFrame,7.784889295655098,5.780743515792329,94.8,C++,1.1346274745856737
milkbikis,powerline-shell,3.7376696182833684,5.973809611869261,45.8,Python,0.0
SnapKit,Masonry,5.82600010738045,7.896924656268864,63.0,Objective-C,0.1147667238873325
IonicaBizau,git-stats,2.5649493574615367,5.631211781821365,57.6,HTML,0.4252359983789875
PyMySQL,PyMySQL,4.219507705176107,6.0014148779611505,62.1,Python,0.0
mrackwitz,MRProgress,5.43372200355424,5.3471075307174685,65.5,Objective-C,0.1668273717209611
peers,peerjs-server,2.5649493574615367,5.19295685089021,52.8,TypeScript,0.2633361271830102
nccgroup,featherduster,4.127134385045092,5.4680601411351315,50.3,Python,0.0209055903974056
gmarm,BetterSegmentedControl,5.017279836814924,6.2166061010848646,40.7,Swift,0.1162037540258765
mcollina,pino,3.258096538021482,5.123963979403259,54.7,JavaScript,0.0
js-data,js-data,4.624972813284271,5.327876168789581,58.9,JavaScript,0.507881275143768
kni-labs,rrssb,3.912023005428146,5.123963979403259,43.1,HTML,1.0050590651159026
yyuu,pyenv-virtualenv,3.7612001156935624,5.3471075307174685,49.7,Shell,0.0
johang,btfs,2.5649493574615367,7.356918242356021,40.5,C++,0.6072627820928654
sp4cerat,Planet-LOD,5.978885764901122,5.099866427824199,100.0,C,0.7423613227038544
KeepSafe,ReLinker,4.248495242049359,5.19295685089021,40.8,Java,0.0
M66B,NetGuard,5.963579343618446,5.389071729816501,82.7,Java,0.6490879647213055
ochococo,Design-Patterns-In-Swift,3.7376696182833684,7.026426808699636,38.5,Swift,0.112671237897884
szk-atmosphere,SAHistoryNavigationViewController,4.543294782270004,5.631211781821365,57.7,Swift,0.43739454865939
austinzheng,swift-2048,3.091042453358316,5.214935757608986,38.0,Swift,0.0
driftyco,ng-cordova,6.077642243349034,6.0473721790462776,72.6,JavaScript,0.4096796175959914
cglib,cglib,5.41610040220442,5.356586274672012,68.5,Java,0.0
mikepenz,Android-ActionItemBadge,4.2626798770413155,5.147494476813453,51.3,Java,0.0
mobxjs,mobx-react-devtools,3.4339872044851463,5.652489180268651,40.1,JavaScript,0.0
jishi,node-sonos-http-api,4.127134385045092,5.241747015059643,68.5,JavaScript,0.3545337462073542
thrust,thrust,7.1252830915107115,5.075173815233827,78.1,C++,0.8034916205649377
google,error-prone,7.074963197966044,6.129050210060545,76.9,Java,0.0049624057809389
jschr,textillate,2.3978952727983707,5.493061443340548,36.0,JavaScript,0.0
travisbrown,circe,4.997212273764115,5.393627546352362,62.0,Scala,0.0
hongyangAndroid,AndroidChangeSkin,4.61512051684126,5.560681631015528,66.6,Java,0.0
preboot,angular2-webpack,3.7612001156935624,5.5093883366279774,44.2,JavaScript,0.8529635638672308
variadico,noti,3.5263605246161616,6.502790045915623,48.2,Go,0.8424244169632078
facebook,immutable-js,5.056245805348308,7.994294986415977,87.9,JavaScript,0.8207505624546529
mvdan,interfacer,4.418840607796598,6.0867747269123065,47.3,Go,0.0
google,blockly,6.186208623900494,6.411818267709897,81.8,JavaScript,1.0970271639000635
stealthcopter,AndroidNetworkTools,4.060443010546419,5.983936280687191,48.0,Java,0.2410351311482295
ToxicBakery,ViewPagerTransforms,3.871201010907891,5.459585514144159,47.4,Kotlin,0.0
joeyespo,grip,4.2626798770413155,5.966146739123692,62.9,Python,0.336885288295321
Jasig,cas,7.528331766707247,5.8377304471659395,75.3,Java,0.2958502889764846
fpinscala,fpinscala,6.154858094016418,6.013715156042802,65.4,Scala,0.0
influxdata,influxdb,6.030685260261263,7.114769448366463,74.6,Go,0.0702676347507906
pedrovgs,DraggablePanel,4.499809670330265,5.823045895483019,68.0,Java,0.0
frankiesardo,icepick,4.30406509320417,6.313548046277095,46.1,Clojure,0.3633787414870489
jwilder,docker-squash,2.5649493574615367,5.4116460518550396,5.0,Go,0.1369279859336608
fians,Waves,3.4339872044851463,5.176149732573829,36.5,JavaScript,0.6210617944459063
dimiro1,health,3.912023005428146,5.214935757608986,45.8,Go,0.0
jphp-compiler,jphp,7.718685495198466,5.198497031265826,76.8,Java,0.5941340279501247
ccrama,Slide,6.459904454377535,5.41610040220442,78.4,Java,0.0345284854697387
corin8823,Popover,3.7376696182833684,5.0689042022202315,49.9,Swift,0.515698808249228
MacGapProject,MacGap1,4.3694478524670215,5.37989735354046,59.4,Objective-C,0.4615559761472818
CamDavidsonPilon,Probabilistic-Programming-and-Bayesian-Methods-for-Hackers,5.91350300563827,6.7464121285733745,80.5,Jupyter Notebook,0.0158996092548331
facebook,ios-snapshot-test-case,4.2626798770413155,5.730099782973574,45.5,Objective-C,0.4801618080178863
KhaosT,HAP-NodeJS,3.5263605246161616,5.247024072160486,53.8,TypeScript,0.0557772668040407
HubSpot,vex,3.7612001156935624,6.298949246855942,61.5,CSS,0.7728468616451011
facebook,Haxl,3.8918202981106265,5.755742213586912,48.3,Haskell,0.0
addyosmani,psi,2.9444389791664403,5.267858159063328,44.0,JavaScript,0.0
fitztrev,shuttle,3.912023005428146,5.313205979041787,41.5,Objective-C,0.6740075614438575
elliottminns,blackfish,3.6109179126442243,6.86171134048073,35.0,Swift,0.0
wistityhq,strapi,5.247024072160486,5.940171252720432,60.0,JavaScript,0.0215777406272985
TylerBrock,mongo-hacker,3.2188758248682006,5.176149732573829,48.7,JavaScript,0.1125900325661084
laktak,hjson,4.663439094112067,6.664409020350408,52.0,HTML,0.672134373371454
aacanakin,qb,4.060443010546419,6.154858094016418,54.4,Go,0.0
wenmingvs,AndroidProcess,4.2626798770413155,6.950814768442584,58.0,Java,0.0
alibaba,canal,5.823045895483019,6.113682179832232,71.4,Java,0.3048747788107937
leemunroe,grunt-email-workflow,3.970291913552122,5.19295685089021,48.2,CSS,1.0852674115356389
cgross,angular-busy,4.890349128221754,5.209486152841421,41.3,CSS,1.0309632796458026
spring-projects,spring-loaded,7.107425474110705,5.220355825078324,73.0,Java,0.0691172538084696
Intervention,image,5.356586274672012,6.559615237493242,52.1,PHP,0.0
loganfsmyth,babel-plugin-transform-decorators-legacy,2.3978952727983707,5.123963979403259,36.6,JavaScript,0.0
tj,should.js,3.8066624897703196,5.153291594497779,53.7,JavaScript,0.0
JamesNK,Newtonsoft.Json,6.771935555839602,6.354370040797351,78.0,C#,0.0414699154472826
kataras,iris,4.143134726391533,7.13966033596492,67.4,Go,0.3083020581823647
chef,chef,7.720017940432244,5.958424693029782,86.3,Ruby,0.0912363511715692
dpayne,cli-visualizer,4.110873864173311,5.159055299214529,54.1,C++,0.5650711408816317
pypa,warehouse,6.180016653652572,5.594711379601839,98.3,Python,0.7924429515942957
rogeralsing,gam,3.9889840465642745,6.452048954437226,52.4,Go,0.1362423019281799
letsencrypt,boulder,6.505784060128229,5.545177444479562,74.3,Go,0.259792942877421
defaultnamehere,zzzzz,2.833213344056216,7.01211529430638,39.9,Python,0.6184098921842761
danialfarid,ng-file-upload,4.276666119016055,7.102499355774649,49.6,JavaScript,0.0682190515586654
matbeich,StickyCollectionView,3.6888794541139363,6.828712071641684,45.2,Objective-C,0.0
andrewvy,HHVMCraft,4.564348191467836,5.062595033026967,72.9,PHP,0.0
sinatra,sinatra,4.890349128221754,6.300785794663244,50.7,Ruby,0.0320847774541061
johnpapa,lite-server,2.6390573296152584,5.6937321388027,32.4,JavaScript,0.0
iBotPeaches,Apktool,5.4116460518550396,6.679599185844383,65.2,Java,0.0873288453765466
giacomocerquone,angular2-mean-starter,3.2188758248682006,7.3537223303996315,30.5,JavaScript,0.8574758346056774
codemix,fast.js,4.820281565605037,5.342334251964811,53.9,JavaScript,0.0059099574532723
rackt,redux-simple-router,3.4965075614664802,6.023447592961033,40.9,JavaScript,0.0
MengTo,Spring,4.23410650459726,7.43543801981455,64.8,Swift,0.0555950221044993
lerna,lerna,5.075173815233827,5.327876168789581,44.9,JavaScript,0.6936981683985128
auth0,angular2-jwt,2.3978952727983707,5.4638318050256105,54.0,TypeScript,0.4395391510545777
reactjs,react-redux,3.367295829986474,7.242797922793756,40.9,JavaScript,0.0
amueller,word_cloud,4.060443010546419,5.991464547107982,63.3,Python,0.0418767960711813
sqren,fb-sleep-stats,3.4011973816621555,7.256297239690681,41.6,JavaScript,0.3198541476790661
emacs-mirror,emacs,8.206037762778815,5.4510384535657,100.0,Emacs Lisp,1.281024360473339
SamSaffron,message_bus,4.127134385045092,5.493061443340548,54.8,Ruby,0.3827622832686142
javve,list.js,4.007333185232471,7.071573364211532,50.0,JavaScript,0.1273149145046398
vulcand,vulcand,6.429719478039138,5.648974238161206,57.1,Go,0.089239534152007
mholt,caddy,5.351858133476067,8.046549357283078,68.2,Go,0.0115860821136385
stampit-org,stampit,3.713572066704308,5.958424693029782,46.5,JavaScript,0.4730205023471818
moneyphp,money,4.48863636973214,5.476463551931511,53.0,PHP,0.0276731446865245
daneden,animate.css,4.477336814478207,8.329103028159418,35.6,CSS,0.3126478950363744
AngularClass,angular2-webpack-starter,4.6443908991413725,7.6577552711348655,43.7,JavaScript,0.7861600880622762
cymcsg,UltimateAndroid,8.619027497297505,5.4680601411351315,89.8,Java,0.0047405299130323
dieulot,instantclick,3.4011973816621555,5.575949103146316,41.5,JavaScript,0.8641392546968831
r0adkll,Slidr,4.060443010546419,5.41610040220442,47.7,Java,0.0
wenmingvs,NotifyUtil,4.584967478670572,6.495265555937008,68.6,Java,0.0
elm-native-ui,elm-native-ui,3.5263605246161616,5.736572297479192,37.3,Elm,0.5527505832640734
mesosphere,marathon,6.6240652277998935,6.186208623900494,76.1,Scala,0.4939407660765639
anyunzhong,DFTimelineView,4.584967478670572,5.288267030694535,50.9,Objective-C,0.0438419661384155
Netflix,eureka,5.955837369464831,6.270988431858299,71.1,Java,0.0113793635419148
JellyDevelopment,JDAnimationKit,3.1354942159291497,5.8522024797744745,57.4,Swift,0.1507920060528293
rpominov,kefir,5.262690188904886,5.204006687076795,62.9,HTML,0.0
okTurtles,group-income-simple,4.290459441148391,5.58724865840025,50.6,JavaScript,0.8619152939611538
pilgr,Paper,3.9318256327243257,5.135798437050262,46.7,Java,0.1534726282369267
NUKnightLab,TimelineJS,5.598421958998375,5.342334251964811,97.7,JavaScript,0.7644264849247531
MessageKit,MessageKit,3.58351893845611,6.208590026096629,33.4,Swift,0.0811009131371287
gulpjs,gulp,4.290459441148391,8.16876982367527,45.4,JavaScript,0.0
gnab,remark,4.174387269895637,6.598509028614515,42.4,HTML,0.7124140024597023
edekhayser,KBKit,3.091042453358316,5.0689042022202315,60.4,Swift,0.0
qiniu,qlang,5.0689042022202315,5.62040086571715,63.7,Go,0.0225802556808486
syncthing,syncthing,7.252762418053187,7.577633832602728,79.9,Go,0.7367155245756047
coreos,fleet,6.336825731146441,5.337538079701318,68.4,Go,0.1807409164623793
justone,dockviz,2.995732273553991,5.342334251964811,45.2,Go,0.2125208111427442
mjrussell,redux-auth-wrapper,3.8066624897703196,5.771441123130016,45.2,JavaScript,0.0659827436183926
SVProgressHUD,SVProgressHUD,3.8501476017100584,7.175489713624222,53.4,Objective-C,0.0623081110633297
rvirding,lfe,5.049856007249537,6.244166900663736,65.1,Erlang,0.8528679795382307
movielala,TVOSSlideViewController,3.7376696182833684,6.1092475827643655,95.5,Swift,0.6068996115301712
singwhatiwanna,android-art-res,6.230481447578482,5.700443573390687,62.1,Java,0.1438105257341468
AigeStudio,WheelPicker,4.356708826689592,5.521460917862246,42.2,Java,0.0
winterbe,java8-tutorial,4.3694478524670215,6.679599185844383,51.0,Java,0.2656619405392501
dato-code,SFrame,7.585281078639126,5.598421958998375,81.6,C++,0.6675347932768102
angular-ui,ui-router,5.351858133476067,7.51425465281641,64.0,TypeScript,0.0946283816719824
Syehunter,MaterialPageStateLayout,4.418840607796598,6.021023349349527,57.1,Java,0.0
balderdashy,waterline,5.575949103146316,6.238324625039508,62.7,JavaScript,0.0
rey5137,material,5.332718793265369,6.824373670043086,82.6,Java,0.0
arqex,freezer,3.58351893845611,5.3706380281276624,47.5,JavaScript,0.0684657449398555
moodle,moodle,8.808581387699085,5.181783550292085,90.8,PHP,0.8522619443628034
tombatossals,angular-leaflet-directive,5.8664680569332965,5.117993812416755,67.1,JavaScript,0.0
EasyHook,EasyHook,5.424950017481403,5.062595033026967,71.3,C,0.9176521845202228
MikeMcl,bignumber.js,4.110873864173311,5.093750200806762,78.8,JavaScript,0.0616468093096604
antoniolg,Kotlin-for-Android-Developers,4.07753744390572,5.159055299214529,50.4,Kotlin,0.0
searchkit,searchkit,6.2285110035911835,7.67693714581808,67.9,TypeScript,0.0083911816520038
jstedfast,MailKit,6.406879986069314,5.278114659230517,87.1,C#,0.0115759156920915
philackm,Scrollable-GraphView,3.332204510175204,6.827629234502852,91.0,Swift,0.0327380581030423
reactphp,react,3.4339872044851463,6.150602768446279,61.5,PHP,0.0
databricks,spark-csv,3.9512437185814275,5.231108616854587,53.6,Scala,0.6559423937336971
oblac,jodd,7.764720544771477,5.54907608489522,95.1,Java,0.1002115401429962
RickWong,react-transmit,3.4965075614664802,5.53338948872752,25.1,JavaScript,0.0614779791104814
vektorlab,slackcat,2.5649493574615367,6.551080335043404,43.9,Go,0.7825230198086303
aragozin,jvm-tools,5.627621113690637,5.1647859739235145,76.2,Java,0.2134637616488463
domaindrivendev,Swashbuckle,5.099866427824199,5.877735781779639,57.4,C#,0.9499373967385386
flarum,core,6.513230110912307,5.332718793265369,65.5,PHP,1.0329012850400132
tomauty,react-native-chart,3.58351893845611,5.5053315359323625,53.8,JavaScript,0.0
phonegap,phonegap-plugin-push,4.499809670330265,5.981414211254481,67.6,Java,1.1009257320717194
wagerfield,flat-surface-shader,3.332204510175204,5.081404364984463,28.0,JavaScript,0.0
tomchristie,django-rest-framework,6.152732694704104,6.802394763324311,76.3,Python,0.4505157750612173
elementalui,elemental,5.043425116919247,6.459904454377535,61.2,JavaScript,0.8270286967810753
CEWendel,SWTableViewCell,3.871201010907891,6.675823221634848,40.7,Objective-C,0.0688098720561903
mislav,will_paginate,4.31748811353631,5.43372200355424,57.6,Ruby,0.0800844369550898
giggsey,libphonenumber-for-php,7.665284718471351,5.5134287461649825,85.5,PHP,0.0
eternnoir,pyTelegramBotAPI,3.4657359027997265,5.342334251964811,60.6,Python,0.0
torchbox,wagtail,7.743269700829004,5.991464547107982,83.9,Python,0.671955630790515
pornel,ImageOptim,5.655991810819852,5.4510384535657,65.5,HTML,0.9381128248132056
kwk,docker-registry-frontend,4.499809670330265,5.402677381872279,59.8,JavaScript,1.2327580263187838
dollarshaveclub,ImageButter,3.1780538303479458,5.662960480135946,55.1,C,0.7012655710619644
Mashape,kong,5.7430031878094825,7.516433302915632,70.1,Lua,0.0157379882401352
Turfjs,turf,6.263398262591624,5.869296913133774,77.1,JavaScript,0.6143836593141545
SpiderLabs,ModSecurity,5.726847747587197,5.332718793265369,68.9,C++,0.4593527084688995
tj,commander.js,4.1588830833596715,6.912742820493176,47.9,JavaScript,0.179364189505544
LeaVerou,bliss,4.219507705176107,5.805134968916488,55.7,JavaScript,0.8857332440634351
macoscope,GrandCentralBoard,6.716594773520978,5.209486152841421,87.2,Swift,0.0996949010914807
nvbn,thefuck,5.493061443340548,8.329103028159418,55.3,Python,0.0101089499007302
google,iosched,6.9726062513017535,7.555905093611346,76.0,Kotlin,0.154440685511977
YorickPeterse,oga,6.0014148779611505,5.707110264748875,71.9,Ruby,0.326708008898709
ggreer,the_silver_searcher,4.418840607796598,7.233455418621439,38.1,C,0.701462720448568
hsousa,HCSStarRatingView,3.5263605246161616,5.170483995038151,61.4,Objective-C,0.203760660323772
gaearon,react-dnd,5.0689042022202315,6.891625897052253,52.5,JavaScript,0.3524863570292365
pfn,keepasshttp,3.9318256327243257,5.075173815233827,41.9,JavaScript,0.3213312171438211
codef0rmer,angular-dragdrop,3.4011973816621555,5.14166355650266,12.8,JavaScript,0.0
amix,vimrc,7.400009517162692,7.2078598714324755,74.5,Vim Script,0.6598923186470806
markbates,goth,4.867534450455582,5.241747015059643,57.2,Go,0.0
jfrazelle,dotfiles,5.552959584921617,5.3230099791384085,80.2,Perl,0.8436969936077868
sindresorhus,xo,3.5553480614894135,6.095824562432225,40.6,JavaScript,0.0
nwjs,nw.js,7.048386408721883,7.890208213109961,83.6,JavaScript,1.3256534776649178
hongyangAndroid,android-percent-support-extend,4.605170185988092,5.545177444479562,46.1,Java,0.0
letsencrypt,letsencrypt,6.343880434126331,8.329103028159418,63.8,Python,0.6905734488386579
RestKit,RestKit,6.07073772800249,6.315358001522335,83.3,Objective-C,0.0695528725781058
Gaohaoyang,gaohaoyang.github.io,4.454347296253507,5.298317366548036,58.5,SCSS,1.059407535274314
CocoaPods,cocoapods-deintegrate,5.786897381366708,5.147494476813453,61.0,Ruby,0.0
softwaredownload,openwrt-fanqiang,4.962844630259907,6.013715156042802,80.2,Shell,0.0
AgileBits,onepassword-app-extension,5.10594547390058,5.5134287461649825,44.2,Objective-C,0.6907561300631235
moul,advanced-ssh-config,6.2166061010848646,5.746203190540153,72.8,Go,0.165998403166367
apache,zookeeper,7.046647277848756,5.991464547107982,78.5,Java,1.046866618515486
babel,babel,7.9854843567338225,8.238536930171769,68.8,TypeScript,0.6501826007741469
jdittrich,quickMockup,2.8903717578961645,5.313205979041787,76.4,JavaScript,0.0058445899466796
pedrovgs,AndroidWiFiADB,3.784189633918261,5.966146739123692,45.9,Java,0.0
schollz,find,4.787491742782046,8.03268487596762,63.4,Go,0.2088198315853332
PaoloRotolo,AppIntro,5.19295685089021,7.04141166379481,74.2,Java,0.0
daltonclaybrook,tween-controller,4.465908118654584,5.3612921657094255,68.4,Swift,0.1427276667666632
aimeos,aimeos-laravel,6.07073772800249,5.680172609017068,63.2,PHP,0.3733750643756662
wasabeef,Blurry,3.58351893845611,6.0473721790462776,85.7,Java,0.3020863856153825
madhums,node-express-mongoose-demo,4.356708826689592,5.846438775057725,44.0,JavaScript,0.9969053470978098
DanWahlin,Angular2-JumpStart,4.04305126783455,5.676753802268282,45.9,TypeScript,1.1199441365840035
msaraiva,atom-elixir,3.970291913552122,5.5093883366279774,52.0,Elixir,0.9683951704776356
traex,CalendarListview,3.828641396489095,5.501258210544727,46.9,Java,0.0
hawksley,eleVR-Web-Player,3.258096538021482,5.111987788356544,55.6,JavaScript,0.2779789341780608
substance,substance,6.338594078203183,7.305860032684009,71.5,JavaScript,0.3484571010350308
lxcid,LXReorderableCollectionViewFlowLayout,4.3694478524670215,5.236441962829949,46.1,Objective-C,0.1033990482868543
codecentric,spring-boot-admin,5.726847747587197,5.808142489980444,76.2,Java,0.9380021766834442
twigphp,Twig,6.447305862541213,5.4680601411351315,58.7,PHP,0.0240392508710623
venmo,Static,3.6375861597263857,5.241747015059643,75.2,Swift,0.0966209784782932
azkaban,azkaban,6.646390514847729,5.231108616854587,71.5,Java,0.3830419499799539
rockerhieu,emojicon,7.488852955733459,6.068425588244111,76.2,Java,0.0
ankane,chartkick,2.8903717578961645,5.69035945432406,42.1,Ruby,0.2765638376243811
stubbornella,oocss,5.117993812416755,5.768320995793772,58.5,JavaScript,0.2803850040059517
erusev,parsedown,4.74493212836325,6.340359303727752,30.6,PHP,0.5542472238302572
wequick,Small,5.918893854273146,7.353081920515432,65.2,Java,1.1067356598895115
traex,RippleEffect,3.8066624897703196,6.439350371100098,47.3,Java,0.0
Synzvato,decentraleyes,5.53338948872752,5.886104031450156,81.7,JavaScript,0.6431855851718427
kragniz,json-sempai,2.4849066497880004,6.966967138613983,40.4,Python,0.0
Glavin001,atom-beautify,6.089044875446846,5.429345628954441,63.8,CoffeeScript,0.4147294361089093
Haneke,HanekeSwift,4.343805421853684,6.61472560020376,52.7,Swift,0.03561549456393
jamesrwhite,minicron,4.653960350157523,5.1647859739235145,69.6,Ruby,1.361442309574221
phpbrew,phpbrew,5.948034989180646,6.035481432524756,93.8,Makefile,1.368990553606144
supercollider,supercollider,8.770904744296866,5.69035945432406,85.7,C++,0.391521791023172
davidhalter,jedi-vim,3.295836866004329,5.645446897643238,34.1,Python,0.7368021901790565
flynn,flynn,7.938802248154481,6.0867747269123065,89.3,Go,0.5674276717951464
tangxuehua,enode,5.683579767338681,5.247024072160486,65.0,C#,0.0200736120029993
aksonov,react-native-router-flux,4.477336814478207,7.114769448366463,38.4,JavaScript,0.0
robertkrimen,otto,4.9344739331306915,5.877735781779639,64.2,Go,0.1204856644547665
vikmeup,SCLAlertView-Swift,4.718498871295094,6.1675164908883415,86.9,Swift,0.6760120994442295
typekit,webfontloader,4.7535901911063645,6.349138991379798,69.1,JavaScript,0.8071302222182117
acdlite,redux-actions,2.8903717578961645,6.715383386334681,51.0,JavaScript,0.0
eggswift,pull-to-refresh,4.477336814478207,5.288267030694535,83.6,Swift,0.0726613823757569
dodola,RocooFix,4.770684624465665,5.703782474656201,64.5,Java,0.4629010947248382
jbush001,NyuziProcessor,6.505784060128229,5.545177444479562,71.5,C,1.290369681319644
jtangelder,sass-loader,4.23410650459726,5.739792912179234,67.0,HTML,0.7596386388085982
christopherthielen,ui-router-extras,4.0943445622221,5.111987788356544,68.1,JavaScript,0.0
jeromeetienne,jquery-qrcode,2.4849066497880004,5.945420608606575,39.3,JavaScript,0.5177883980204915
MostafaGazar,CustomShapeImageView,4.276666119016055,5.799092654460526,52.8,Java,0.0
google,gumbo-parser,4.532599493153256,5.541263545158426,70.7,HTML,0.4844899485695327
v2ray,v2ray-core,5.720311776607412,6.335054251498059,68.8,Go,0.1388794058481054
cucumber,cucumber-js,5.278114659230517,5.659482215759621,66.9,TypeScript,0.5741168583326139
Netflix,atlas,6.4457198193855785,5.159055299214529,76.2,Scala,0.0993877514620324
silentrob,superscript,4.564348191467836,5.0689042022202315,52.2,JavaScript,0.1434527641531417
lucadegasperi,oauth2-server-laravel,4.442651256490317,5.998936561946683,52.3,PHP,0.0441971385676435
untangled-web,untangled,3.7612001156935624,5.231108616854587,49.3,Clojure,0.5507697098336155
Squirrel,Squirrel.Windows,5.780743515792329,6.20455776256869,100.0,C++,0.7705353791213865
Yalantis,Context-Menu.iOS,4.23410650459726,5.3612921657094255,76.8,Objective-C,0.1123736959462588
skidding,cosmos,4.007333185232471,5.966146739123692,50.2,JavaScript,0.6688158787823
tabulapdf,tabula,4.430816798843313,5.476463551931511,54.1,CSS,1.1416278792813486
zloirock,core-js,7.491087593534876,6.39024066706535,75.4,JavaScript,0.0047236292087158
k9mail,k-9,7.313886831633462,5.802118375377063,80.8,Java,0.700568180804713
airblade,paper_trail,5.181783550292085,5.796057750765372,61.3,Ruby,0.0511125316710992
oblador,react-native-lightbox,3.828641396489095,5.560681631015528,34.1,JavaScript,0.9519235797967556
expressjs,multer,3.6109179126442243,6.444131256700441,46.8,JavaScript,0.0
django-extensions,django-extensions,5.429345628954441,5.308267697401205,65.2,Python,0.2256932260116685
flightjs,flight,3.7612001156935624,5.318119993844216,59.5,JavaScript,0.1378328436340765
osmdroid,osmdroid,5.998936561946683,5.1647859739235145,71.3,Java,0.080630330232614
irazasyed,jwt-auth-guard,2.8903717578961645,5.214935757608986,41.5,PHP,0.0
giampaolo,psutil,4.787491742782046,6.023447592961033,68.7,Python,0.7196841515109204
iron-meteor,iron-router,4.727387818712341,5.1647859739235145,59.0,JavaScript,0.1108196234813152
ElbbbirdStudio,ESSocialSDK,4.770684624465665,5.198497031265826,65.5,Java,0.0
typicode,hotel,3.912023005428146,8.159660737063376,46.4,JavaScript,0.806119000068442
twbs,bootlint,5.3612921657094255,5.459585514144159,70.4,JavaScript,0.0116852908834547
glyptodon,guacamole-server,5.926926025970411,5.062595033026967,72.4,C,0.2871164421232239
marcgibbons,django-rest-swagger,4.74493212836325,5.420534999272286,60.8,Python,0.3676052555652717
jlord,git-it,4.844187086458591,5.476463551931511,57.8,HTML,0.2725932258846464
nickoneill,Pantry,3.4965075614664802,5.4680601411351315,60.8,Swift,0.0765625743383414
bshaffer,oauth2-server-php,4.812184355372417,5.459585514144159,56.5,PHP,0.0
bobziuchkovski,writ,2.9444389791664403,5.365976015021851,51.5,Go,0.0
bevacqua,react-dragula,3.258096538021482,5.087596335232384,64.3,JavaScript,0.0192427622723691
thoughtbot,administrate,5.8805329864007,6.3784261836515865,58.8,Ruby,0.6618410781704334
giltene,wrk2,5.476463551931511,5.497168225293202,64.9,C,0.1641960432145579
kattrali,cocoapods-xcode-plugin,3.6888794541139363,5.811140992976701,53.3,Objective-C,0.0090355568248306
crate,crate,7.589841512182657,5.267858159063328,84.0,Java,0.0306342434277508
Yalantis,Koloda,4.787491742782046,6.440946540632921,96.5,Swift,0.1006744598937535
samhann,Every.swift,3.367295829986474,5.420534999272286,37.2,Swift,0.2072422378075723
cartalyst,sentinel,4.727387818712341,5.337538079701318,62.9,PHP,0.0
KittenYang,KYGooeyMenu,3.828641396489095,5.3471075307174685,26.9,Objective-C,0.3823840914917843
rohitghatol,spring-boot-microservices,5.198497031265826,5.318119993844216,61.5,Java,0.6715399120230312
HeinrichReimer,material-intro,4.77912349311153,6.0844994130751715,69.9,Java,0.0
y123456yz,reading-code-of-nginx-1.9.2,7.3537223303996315,6.46302945692067,88.1,C,0.4762041550721523
SFantasy,WeiboReactNative,3.8501476017100584,5.429345628954441,47.0,JavaScript,0.3871454696279289
jmdugan,blocklists,2.9444389791664403,6.748759547491679,60.0,DIGITAL Command Language,0.4733670562167813
clauderic,react-infinite-calendar,3.912023005428146,5.66988092298052,41.5,JavaScript,0.6122842995035574
kexanie,MathView,6.502790045915623,5.6937321388027,60.9,Java,0.0917229616582056
Microsoft,Pyjion,4.499809670330265,6.570882962339584,60.7,C++,0.1469711449467967
roo-rb,roo,5.159055299214529,5.337538079701318,66.5,Ruby,0.0
symentis,Palau,3.295836866004329,5.924255797414532,49.5,Swift,0.186907408405178
card-io,card.io-iOS-SDK,3.7612001156935624,5.7430031878094825,51.5,Objective-C,0.5070300560481534
Alex-D,Trumbowyg,4.6443908991413725,5.198497031265826,57.9,JavaScript,0.4328811110031923
SeleniumHQ,selenium,8.589513852995864,7.186144304522325,100.0,Java,1.8938193524021527
silviomoreto,bootstrap-select,5.293304824724492,6.461468176353717,51.1,JavaScript,0.7111279476508893
richardkall,react-starter,3.4965075614664802,5.556828061699537,41.4,JavaScript,0.1581177319014375
spf13,cobra,3.4339872044851463,6.561030665896573,48.4,Go,0.016280976178841
3Dparallax,insight,4.3694478524670215,6.464588303689961,57.8,JavaScript,0.072623566566764
greenplum-db,gpdb,8.808581387699085,5.676753802268282,100.0,C,1.2657759683936491
IgnaceMaes,MaterialSkin,3.784189633918261,5.204006687076795,55.1,C#,0.0
hongyangAndroid,Android_Blog_Demos,5.3230099791384085,5.564520407322694,71.1,Java,0.0564614458647065
cucumber,cucumber,3.367295829986474,5.356586274672012,42.9,Java,2.3542636568042243
Yalantis,Side-Menu.iOS,4.143134726391533,5.645446897643238,45.6,Swift,0.2293048363793909
jdg,MBProgressHUD,4.04305126783455,7.477604243197589,65.5,Objective-C,0.1281684489164047
rabbitmq,rabbitmq-tutorials,5.905361848054571,5.342334251964811,59.4,Java,2.7934127737022143
MovingBlocks,Terasology,7.8898337513942955,5.730099782973574,90.3,Java,0.122784341660957
OfficeDev,PnP,8.808581387699085,5.153291594497779,91.4,C#,1.1224618288437744
marten-de-vries,kneden,4.962844630259907,5.924255797414532,52.0,JavaScript,0.0
guzzle,guzzle,4.51085950651685,6.844815479208263,65.6,PHP,0.1306001137714319
systemd,systemd,7.660585461703256,6.063785208687608,88.7,C,0.493622484319531
yukiasai,Gecco,3.2188758248682006,7.13966033596492,57.7,Swift,0.0971471957034018
josephspurrier,gowebapp,4.394449154672439,5.313205979041787,48.7,Go,0.9404093690206724
jaredrummler,Material-Spinner,4.007333185232471,5.272999558563747,55.7,Java,0.0
JoeDog,siege,4.795790545596741,5.5134287461649825,59.3,C,1.1217649695164489
Yelp,paasta,5.8888779583328805,5.288267030694535,75.4,Python,0.1495384972062846
node-red,node-red,5.998936561946683,6.467698726104354,72.7,JavaScript,0.0150006850534344
CoderJackyHuang,HYBImageCliped,4.941642422609304,5.659482215759621,77.7,Objective-C,0.0213637119204568
arunoda,meteor-up,3.4657359027997265,6.20455776256869,31.3,JavaScript,0.6168488012952744
atom,atom,6.573680166960646,8.329103028159418,77.7,JavaScript,0.4376970017155643
SandroMachado,openalpr-android,4.867534450455582,5.529429087511423,51.2,Java,0.0
GoogleChrome,custom-tabs-client,4.700480365792417,5.241747015059643,66.8,Java,0.0
merencia,node-cron,3.871201010907891,5.3471075307174685,48.7,JavaScript,0.0
mikeric,rivets,5.0238805208462765,5.337538079701318,72.5,JavaScript,0.6451269492496841
wenzhixin,bootstrap-table,6.22455842927536,6.8966943316227125,60.0,JavaScript,1.2083660886910894
errbotio,errbot,5.583496308781699,5.2832037287379885,73.7,Python,0.071021608103334
docker,engine-api,5.393627546352362,5.176149732573829,36.2,Go,0.0073392556724222
androguard,androguard,6.021023349349527,5.2832037287379885,72.2,Python,0.3148982539182161
RichardKnop,machinery,5.204006687076795,5.337538079701318,56.5,Go,0.0791690137815921
akalongman,php-telegram-bot,4.919980925828125,5.5053315359323625,62.1,PHP,0.0
epochjs,epoch,4.3694478524670215,5.3471075307174685,59.5,HTML,1.3206096408104513
tj,git-extras,5.552959584921617,7.198183577101943,62.6,Shell,0.2527577582888216
facebook,presto,8.228977643358313,5.863631175598097,83.9,Java,0.0612279375888274
yiisoft,yii,8.15507488781144,5.123963979403259,86.0,PHP,0.0857609519925479
koekeishiya,kwm,4.2626798770413155,6.829793737512425,55.6,C++,0.4941259868622741
binux,pyspider,5.147494476813453,6.892641641172089,82.8,Python,0.5790656978620177
Yalantis,DisplaySwitcher,5.0689042022202315,6.805722553416985,77.5,Swift,0.1932585873146135
future-architect,vuls,4.2626798770413155,7.469654172932128,68.8,Go,0.0382448994465084
contra,react-responsive,3.4965075614664802,5.41610040220442,69.4,JavaScript,0.0
square,javapoet,3.8066624897703196,6.222576268071369,60.4,Java,0.0
una,CSSgram,5.765191102784844,6.133398042996649,89.2,HTML,0.7404095188397124
insidegui,WWDC,5.298317366548036,6.2285110035911835,70.0,Swift,0.2136401443587561
Flipboard,bottomsheet,4.343805421853684,6.375024819828097,63.9,Java,0.0
HunterLarco,voxel.css,5.262690188904886,8.12415060330663,78.6,CSS,0.9946830793207466
apple,swift-corelibs-foundation,6.376726947898627,6.129050210060545,82.6,Swift,1.0828738200815065
fat,zoom.js,2.5649493574615367,5.68697535633982,76.6,JavaScript,0.715869425072769
aschuch,AwesomeCache,3.332204510175204,5.318119993844216,41.9,Swift,0.2811293028336912
shadowsocks,shadowsocks-gui,3.58351893845611,5.5093883366279774,38.0,CoffeeScript,0.565977228603602
rmarquis,pacaur,3.1354942159291497,5.0689042022202315,60.4,Shell,0.0819251559665092
miguel-perez,smoothState.js,4.0943445622221,6.478509642208569,49.8,CSS,0.809063238606007
mattt,Surge,3.713572066704308,6.588926477533519,24.3,Swift,0.0412420330318235
torrentsTime,embed,2.302585092994046,5.733341276897746,34.7,JavaScript,0.0
lloiser,go-debug,3.1780538303479458,5.823045895483019,47.1,JavaScript,0.1930061145527982
Mashape,unirest-java,3.7612001156935624,5.099866427824199,45.5,Java,0.0234538576253716
hootlex,laravel-moderation,2.833213344056216,5.214935757608986,51.9,PHP,0.0
facebook,iTorch,3.713572066704308,5.3230099791384085,37.4,Jupyter Notebook,0.1405136638622648
junegunn,redis-stat,3.6635616461296463,5.075173815233827,75.3,Ruby,1.1194704001807878
ecomfe,echarts,6.436150368369428,8.026823576217629,83.0,JavaScript,0.664294743625011
rfjakob,gocryptfs,4.852030263919617,5.4510384535657,49.9,Go,0.289564213358768
arimorty,floatingsearchview,5.003946305945459,5.5093883366279774,82.7,Java,0.0192638098327503
paicha,gxgk-wechat-server,4.31748811353631,5.10594547390058,63.7,Python,0.4560214562149904
minio,minio,5.996452088619021,6.86484777797086,67.4,Go,0.0568382467694018
fvbock,endless,2.70805020110221,5.568344503761097,42.9,Go,0.0598981856338633
zzz40500,android-shapeLoadingView,4.0943445622221,5.342334251964811,35.5,Java,0.0
alexanderGugel,ied,3.9512437185814275,6.925595197110468,54.9,JavaScript,0.0789436165834764
CaMnter,EasyLikeArea,4.110873864173311,5.332718793265369,84.5,Java,0.0
wdullaer,MaterialDateTimePicker,5.1298987149230735,6.0330862217988015,64.9,Java,0.0
icanzilb,JSONModel,5.517452896464707,6.732210706467206,51.3,Objective-C,0.0145918083110619
hanks-zyh,SmallBang,3.784189633918261,5.641907070938114,32.8,Java,0.0
Semantic-Org,Semantic-UI,6.51471269087253,8.329103028159418,71.9,JavaScript,0.6923378487632776
bosun-monitor,bosun,7.632885505395133,5.71042701737487,78.8,Go,0.6483142211901622
NielsMasdorp,Speculum-Android,4.897839799950911,5.579729825986222,60.2,Java,0.0
arangodb,arangodb,8.808581387699085,6.19644412779452,100.0,C++,0.9137272098783304
fjserna,CVE-2015-7547,1.791759469228055,6.2166061010848646,39.9,Python,0.5455150605830714
navasmdc,MaterialDesignLibrary,4.812184355372417,6.966967138613983,46.6,Java,0.860083989848659
thinkgem,jeesite,8.446341450444287,6.7357800142423265,87.5,JavaScript,1.0789110282298824
jadejs,jade,6.742880635791903,5.488937726156687,95.2,JavaScript,0.604643669847778
jumpserver,jumpserver,5.929589143389895,5.6937321388027,73.6,Python,0.4052239801895254
devbridge,Styleguide,4.189654742026425,7.0925737159746784,41.1,JavaScript,0.880720724174358
yasp-dota,yasp,5.730099782973574,5.117993812416755,68.3,JavaScript,0.7653087930726293
nostra13,Android-Universal-Image-Loader,5.017279836814924,7.602401335665818,55.7,Java,0.0
adrai,flowchart.js,3.58351893845611,6.53813982376767,44.4,JavaScript,0.2976531031516196
major,MySQLTuner-perl,3.2188758248682006,5.84354441703136,15.8,Perl,0.4643276930630031
cmrunton,tls-dashboard,2.70805020110221,5.056245805348308,46.0,JavaScript,0.9267507760631724
stylus,stylus,6.925595197110468,6.502790045915623,68.1,JavaScript,1.0137699780936709
esdoc,esdoc,5.605802066295998,5.545177444479562,81.0,JavaScript,0.0
socketio,socket.io-client,3.258096538021482,5.736572297479192,46.5,TypeScript,0.2001718374847125
dgibbs64,linuxgsm,5.5093883366279774,5.3612921657094255,91.5,Shell,0.1103197171807816
paularmstrong,swig,5.117993812416755,5.680172609017068,54.4,JavaScript,0.2661976359169235
AndroidKnife,RxBus,4.330733340286331,5.568344503761097,54.3,Java,0.0
clips,pattern,6.113682179832232,6.47543271670409,97.6,Python,0.3855480641548126
marmelroy,Interpolate,3.828641396489095,6.838405200847344,75.1,Swift,0.5005070069193018
gophergala2016,gophernotes,5.0238805208462765,5.564520407322694,61.9,Go,0.0
tsuru,tsuru,7.3343293503005365,5.37989735354046,75.7,Go,0.0236640656599566
JZXiang,TimePickerDialog,4.290459441148391,5.497168225293202,90.9,Java,0.0
elasticquent,Elasticquent,3.367295829986474,5.181783550292085,56.2,PHP,0.0
jkbrzt,httpie,4.290459441148391,7.9483852851118995,57.2,Python,0.2055335952107496
szk-atmosphere,URLEmbeddedView,4.997212273764115,5.641907070938114,92.7,Swift,0.2263346340836051
alibaba,f2etest,6.956545443151569,6.169610732491456,100.0,JavaScript,1.1211597522171584
square,phrase,2.995732273553991,5.631211781821365,21.9,Java,0.0
box,spout,5.407171771460119,5.075173815233827,67.2,PHP,0.0
auth0,express-jwt,2.4849066497880004,5.717027701406222,35.5,TypeScript,0.2122514271114881
openwhisk,openwhisk,6.364750756851911,5.783825182329737,73.1,Scala,0.4611608921841265
sindresorhus,ava,5.298317366548036,7.894318063841624,70.8,JavaScript,0.0
qfish,XAlign,3.871201010907891,5.717027701406222,61.1,Objective-C,0.0
kubatru,SFDraggableDialogView,3.5553480614894135,5.19295685089021,39.0,Objective-C,0.0915037149009877
mapsplugin,cordova-plugin-googlemaps,4.290459441148391,5.056245805348308,52.6,JavaScript,1.1031174177461136
Serhioromano,bootstrap-calendar,4.543294782270004,5.6937321388027,51.3,JavaScript,0.8289815388122027
ariya,phantomjs,6.459904454377535,7.650168700845001,68.9,C++,1.2940101842457823
soumith,convnet-benchmarks,4.859812404361672,6.214608098422191,67.2,Python,1.1046715036893051
koenbok,Framer,7.273786317844895,6.035481432524756,100.0,JavaScript,0.9419196851630912
GoogleChrome,lighthouse,6.059123195581797,7.00397413672268,92.4,JavaScript,0.2466914393749164
bevacqua,shots,2.4849066497880004,6.523562306149512,100.0,JavaScript,0.0
Selz,plyr,4.02535169073515,8.230843564198235,56.7,JavaScript,0.5421128129893342
laracasts,PHP-Vars-To-Js-Transformer,2.5649493574615367,5.1647859739235145,34.6,PHP,0.0
ReactiveX,RxPHP,5.958424693029782,5.648974238161206,60.6,PHP,0.0
sciactive,pnotify,4.736198448394496,5.3230099791384085,69.3,HTML,1.287695988265206
ghcjs,ghcjs,7.385230923066573,5.147494476813453,69.3,Haskell,1.1971387943949767
mwaskom,seaborn,4.812184355372417,5.966146739123692,68.5,Python,0.0021211505679907
nolimits4web,Swiper,4.574710978503383,7.4413203897176174,52.3,JavaScript,0.2811908522332973
foreverjs,forever,3.5553480614894135,6.859614903654202,40.3,JavaScript,0.0759433250576789
dmilicic,android-clean-sample-app,5.0238805208462765,5.488937726156687,55.8,Java,0.0
soulmachine,leetcode,3.828641396489095,6.576469569048224,32.9,TeX,0.0
danielcardoso,load-awesome,5.14166355650266,5.081404364984463,71.5,CSS,0.0
TooTallNate,Java-WebSocket,4.653960350157523,5.796057750765372,58.3,Java,0.6878220950151499
feross,webtorrent,4.04305126783455,7.940939762327791,56.7,JavaScript,0.0219890538609901
pennersr,django-allauth,6.3818160174060985,5.723585101952381,67.9,Python,0.1321354680872726
tomahawk-player,tomahawk,7.368970402194793,5.429345628954441,87.6,C++,0.410773006059315
divio,django-cms,7.207118856207756,5.926926025970411,86.0,Python,0.938025682210246
rui314,8cc,4.48863636973214,5.717027701406222,54.0,C,0.2624579525415801
mizzy,serverspec,5.351858133476067,5.278114659230517,52.6,Ruby,0.0
chrisjenx,Calligraphy,4.110873864173311,6.92461239604856,68.5,Java,0.0
lyimin,EyepetizerApp,6.018593214496234,5.25227342804663,65.9,Swift,0.7362423138376486
wincent,command-t,4.564348191467836,5.267858159063328,56.9,Lua,0.0405280811739079
DeepMark,deepmark,2.772588722239781,5.484796933490655,42.5,Lua,0.2654805935281614
gnachman,iTerm2,7.728855823852543,6.787844982309579,85.5,Objective-C,0.7814393105222599
endless-sky,endless-sky,7.595889917718538,5.236441962829949,92.8,C++,0.1206995913070852
Ekhoo,Device,3.044522437723423,5.153291594497779,44.8,Swift,0.3093364071837211
gregmalcolm,python_koans,5.0689042022202315,5.438079308923196,54.9,Python,0.0355896535826594
gravitational,teleport,7.057897937411856,6.62273632394984,74.8,Go,0.6240463918098275
sagalbot,vue-select,4.143134726391533,5.43372200355424,51.6,JavaScript,1.0880684946358046
yuin,gopher-lua,4.465908118654584,5.176149732573829,62.4,Go,0.7387813655433871
google,butteraugli,1.9459101490553132,6.419994928147142,20.9,C++,0.0991176168416403
ArtSabintsev,Harpy,4.02535169073515,5.278114659230517,70.1,Objective-C,0.1579590044994482
turbolinks,turbolinks,3.9318256327243257,6.754604099487962,46.1,TypeScript,0.386362571507049
spite,ccapture.js,3.258096538021482,5.634789603169249,41.8,JavaScript,0.0179458504424053
PrideChung,FontAwesomeKit,4.8283137373023015,5.683579767338681,75.4,Objective-C,0.79337641748124
DonJayamanne,pythonVSCode,5.187385805840755,5.308267697401205,55.1,TypeScript,0.6695852684064889
EverythingMe,overscroll-decor,4.7535901911063645,5.351858133476067,55.2,Java,0.0
SublimeText-Markdown,MarkdownEditing,4.477336814478207,5.480638923341991,58.6,Python,0.063779129705815
ory-am,hydra,4.9344739331306915,6.890609120147166,63.7,Go,0.0
autumnai,collenchyma,4.30406509320417,5.081404364984463,59.6,Rust,0.0133151881276166
MicheleBertoli,css-in-js,5.147494476813453,5.84354441703136,51.0,JavaScript,0.6662466918392419
dkumor,acmewrapper,3.044522437723423,5.3981627015177525,47.6,Go,0.0046096767113268
harthur-org,brain.js,3.2188758248682006,5.081404364984463,54.8,JavaScript,0.0
matrixxun,PullToZoomInListView,3.4657359027997265,5.3981627015177525,69.7,Java,0.0
phanan,koel,5.87493073085203,7.311886164077165,71.3,PHP,1.137106995938883
onsi,ginkgo,5.3981627015177525,5.308267697401205,48.0,Go,0.0023860776674522
tudou527,marketch,2.995732273553991,6.077642243349034,40.5,JavaScript,0.0
alibaba,dubbo,7.434847875211999,7.3833681469923835,71.6,Java,0.0186266170885554
cjb,GitTorrent,2.302585092994046,5.940171252720432,47.6,JavaScript,0.0
plotly,plotly.js,7.374001859350161,6.9411900550683745,89.0,JavaScript,0.0261399879430454
webrtc,apprtc,5.049856007249537,5.356586274672012,55.6,JavaScript,1.2810023605068774
ewgRa,de_faq,3.713572066704308,5.638354669333745,47.3,Shell,0.5860543791657304
hamiltop,rethinkdb-elixir,3.871201010907891,5.075173815233827,51.4,Elixir,0.0
AlekSi,reform,3.912023005428146,5.564520407322694,47.3,Go,0.1647391225064921
etsy,statsd,4.5217885770490405,6.88653164253051,58.2,JavaScript,0.1648343005690667
LeoNatan,LNPopupController,5.659482215759621,5.4680601411351315,90.8,Objective-C,0.280317009897316
slackhq,SlackTextViewController,5.365976015021851,6.975413927455952,81.8,Objective-C,0.1029489593306066
FiloSottile,whosthere,5.3612921657094255,5.472270673671475,60.0,Go,0.0
nylas,sync-engine,6.415096959171596,5.746203190540153,71.9,Python,0.0599538641021812
ab77,netflix-proxy,4.430816798843313,5.645446897643238,62.4,Python,0.8413959590795618
shwenzhang,AndResGuard,4.727387818712341,6.652863029353347,44.7,Java,0.1958052738849391
ellson,graphviz,8.235625719964311,5.313205979041787,91.3,C,0.6870957474077353
h2oai,h2o-2,8.213652703029998,5.087596335232384,100.0,Java,1.3826418206917177
hidroh,materialistic,6.063785208687608,5.093750200806762,74.0,Java,0.2426355683913453
MatthewYork,DateTools,4.820281565605037,6.505784060128229,46.8,Objective-C,0.7032712136159139
MagicStack,uvloop,4.532599493153256,7.347943823148687,56.9,Cython,0.7242520475910367
rethinkdb,horizon,5.298317366548036,8.170751423757535,73.7,JavaScript,0.0340269621909319
gengo,grpc-gateway,4.718498871295094,5.616771097666572,55.3,Go,0.15236457041732
hashicorp,consul-template,6.71901315438526,6.073044534100405,58.7,Go,0.072667674693071
madrobby,keymaster,2.3978952727983707,5.82600010738045,36.0,JavaScript,0.6516050457272922
intel-iot-devkit,mraa,5.564520407322694,5.147494476813453,71.9,C,0.816561936143325
ideaismobile,IDMPhotoBrowser,4.30406509320417,6.0330862217988015,76.6,Objective-C,0.4123709538110338
tbranyen,diffhtml,3.9512437185814275,5.3981627015177525,57.9,JavaScript,0.2552463856776515
koreader,koreader,6.0014148779611505,5.986452005284438,79.7,Lua,0.1740225406784964
Bilibili,ijkplayer,6.498282149476434,7.8252452914317745,68.5,C,1.238319040185082
nsqio,nsq,5.25227342804663,6.7226297948554485,60.5,Go,0.736488981689417
backup,backup,5.556828061699537,5.541263545158426,69.0,Ruby,0.0323752674728796
Cleveroad,WaveInApp,4.2626798770413155,5.71042701737487,59.2,Java,0.0
tomchentw,react-google-maps,5.181783550292085,5.983936280687191,52.8,JavaScript,0.0
typicode,lowdb,3.295836866004329,6.280395838960195,38.5,JavaScript,0.0671268168065169
datarhei,restreamer,4.189654742026425,6.3818160174060985,56.4,HTML,1.0658047577437433
sappworks,sapper,3.4657359027997265,5.081404364984463,44.2,Rust,0.0
DmitryMalkovich,circular-with-floating-action-button,3.828641396489095,5.484796933490655,44.1,Java,0.0
Ramotion,navigation-stack,4.770684624465665,7.1929342212158,63.1,Swift,0.1698486085464923
madoublet,respond,7.1693500166706,5.14166355650266,90.3,PHP,1.1668511403337547
zeroclipboard,zeroclipboard,4.127134385045092,6.214608098422191,71.1,JavaScript,0.5723372121438827
race604,ZhiHuDaily-React-Native,4.812184355372417,6.618738983517219,64.6,JavaScript,0.7349653053330478
mobile-shell,mosh,5.123963979403259,6.52795791762255,64.0,C++,1.1465942089297163
spotify,scio,5.41610040220442,5.5909869805108565,63.0,Scala,0.6135503141922589
AugustRush,ARSegmentPager,4.343805421853684,5.476463551931511,53.9,Objective-C,0.0434223050790311
bartonhammond,snowflake,4.804021044733257,7.190676034332207,52.1,JavaScript,0.28755761279656
google,skia,8.244071270295786,5.5093883366279774,91.1,C++,1.0837528893749864
clibs,clib,4.969813299576001,5.683579767338681,58.7,C,0.3391507903356156
TR4Android,AppCompat-Extension-Library,5.198497031265826,5.332718793265369,64.3,Java,0.0
id-Software,DOOM-3-BFG,7.017506142941256,5.54907608489522,78.1,C++,0.3396385790471942
kylef,swiftenv,4.02535169073515,6.368187186350492,47.0,Shell,0.5651450147889568
akveo,react-native-reddit-reader,3.6109179126442243,5.170483995038151,55.8,JavaScript,0.53276342767329
expressjs,cors,2.833213344056216,5.627621113690637,50.5,JavaScript,0.0
xdtianyu,CallerInfo,5.25227342804663,5.918893854273146,69.9,Java,0.6678386758538567
2dxgujun,AndroidTagGroup,3.871201010907891,5.768320995793772,47.9,Java,0.0
kirualex,SwiftyGif,3.367295829986474,5.991464547107982,96.7,Swift,0.0821141000142091
geocoder-php,Geocoder,5.241747015059643,5.241747015059643,64.5,PHP,0.0002550368789215
apache,cordova-android,6.923628628138427,5.634789603169249,61.7,JavaScript,0.892098057295471
kylef,Mockingjay,3.5263605246161616,5.081404364984463,43.3,Swift,0.2823431674883851
jfrazelle,dockerfiles,5.37989735354046,6.684611727667927,52.5,Shell,0.9325668123173952
direnv,direnv,4.477336814478207,5.700443573390687,44.4,Go,0.9863624054734134
benoitvallon,react-native-nw-react-calculator,4.804021044733257,6.63200177739563,68.8,JavaScript,0.3888465465234911
stevemk14ebr,PolyHook,3.258096538021482,5.198497031265826,53.7,C++,0.6217746565378905
vczero,React-Native-Code,4.2626798770413155,5.117993812416755,62.5,JavaScript,0.4405050541533946
astaxie,build-web-application-with-golang,7.382746449738912,7.691656822810547,95.7,Go,0.436785216390638
pfnet,chainer,6.354370040797351,6.013715156042802,68.8,Python,0.0292038270419626
brandonhilkert,sucker_punch,3.258096538021482,5.627621113690637,47.4,Ruby,0.0
mgonto,restangular,2.9444389791664403,6.559615237493242,67.8,JavaScript,0.0
FreeRDP,FreeRDP,7.6787889981991535,5.351858133476067,83.2,C,0.5408942837035287
JakeLin,IBAnimatable,5.537334267018537,8.329103028159418,76.5,Swift,0.0151883423803565
andpor,react-native-sqlite-storage,3.8918202981106265,5.62040086571715,75.7,Java,1.2931948750255913
Urigo,angular-meteor,5.272999558563747,5.955837369464831,57.0,Dockerfile,0.5843694826034644
rickytan,RTImageAssets,3.58351893845611,6.0473721790462776,65.0,Objective-C,0.0
cppit,jucipp,4.634728988229636,5.594711379601839,68.7,C++,0.0557965417774451
callmecavs,layzr.js,2.4849066497880004,6.583409222158765,52.1,JavaScript,0.3510607835423119
Raathigesh,Dazzle,4.127134385045092,6.1092475827643655,45.2,JavaScript,0.136885872951356
peter-murach,tty,3.970291913552122,5.225746673713202,42.8,Ruby,0.0
remy,html5demos,4.276666119016055,5.53338948872752,53.8,HTML,0.676438953866066
babel,babel-loader,3.367295829986474,5.988961416889864,42.1,JavaScript,0.0
gravmatt,force-js,2.8903717578961645,5.62040086571715,56.4,JavaScript,0.0
joomla,joomla-cms,8.737773460327283,5.786897381366708,78.8,PHP,0.3602593185424691
edenspiekermann,sprite.sh,2.4849066497880004,5.5093883366279774,43.1,JavaScript,0.4892850082686146
matt-harris,outline-mail,4.276666119016055,5.062595033026967,66.2,HTML,0.0487359605666036
mrclay,minify,5.272999558563747,5.568344503761097,50.1,PHP,0.7649319533279687
cmusatyalab,openface,5.4116460518550396,7.373374309910049,75.5,Lua,0.9534675809097743
romaonthego,REFrostedViewController,4.330733340286331,5.537334267018537,86.3,Objective-C,0.046951670598348
flutter,flutter,6.92461239604856,6.040254711277414,79.5,Dart,0.0817404343776845
rgraciano,echo-sonos,2.8903717578961645,5.5254529391317835,39.1,JavaScript,0.0672576677894824
frankiesardo,auto-parcel,3.8066624897703196,5.147494476813453,45.6,Java,0.0
Netflix,ribbon,5.811140992976701,5.442417710521793,67.8,Java,0.0
hioa-cs,IncludeOS,6.336825731146441,5.225746673713202,72.6,C++,0.6123943602311623
flowjs,ng-flow,3.6375861597263857,5.187385805840755,62.7,JavaScript,0.0908473253590675
constabulary,gb,5.147494476813453,5.631211781821365,62.4,Go,0.0131742430211401
danielstjules,Stringy,2.772588722239781,5.529429087511423,58.5,PHP,0.0
bmichotte,HSTracker,7.784889295655098,5.318119993844216,91.5,Swift,0.0639724033505748
ZZROTDesign,docker-clean,2.70805020110221,5.863631175598097,41.3,Shell,0.137780444852314
aws,aws-sdk-go,7.00033446027523,5.820082930352362,83.4,Go,0.0166659669549808
postaljs,postal.js,3.9889840465642745,5.278114659230517,29.5,JavaScript,0.1802224741799742
graphite-project,graphite-web,6.259581464064923,5.918893854273146,61.6,JavaScript,0.8883146300423153
kentcdodds,cross-env,2.833213344056216,5.641907070938114,17.0,JavaScript,0.0
Automattic,amp-wp,4.143134726391533,6.111467339502679,53.8,PHP,0.3841652318612799
alexk111,SVG-Morpheus,2.995732273553991,5.147494476813453,45.0,JavaScript,0.0
xtr4nge,FruityWifi,5.049856007249537,5.220355825078324,59.6,PHP,0.1136156657764672
kombai,freewall,4.762173934797756,5.342334251964811,82.4,HTML,0.8551311592761552
sixohsix,twitter,3.5263605246161616,5.153291594497779,45.3,Python,0.0
CanCanCommunity,cancancan,4.060443010546419,5.950642552587727,58.6,Ruby,0.0
andreamazz,SubtleVolume,3.9318256327243257,6.118097198041348,59.1,Swift,0.42834087789992
JosPolfliet,pandas-profiling,2.772588722239781,5.455321115357702,37.4,Python,0.7298433961220558
buunguyen,octotree,4.30406509320417,8.01862546504575,84.8,JavaScript,0.6049669516115309
php-ds,ds,5.720311776607412,6.401917196727186,62.4,C,0.0451514562076183
google,recaptcha,3.2188758248682006,5.631211781821365,42.1,PHP,0.0
winslowdibona,TabDrawer,4.605170185988092,6.1903154058531475,46.5,Swift,0.4222780750198632
xiongwei-git,AndroidVideoPlayer,4.68213122712422,5.641907070938114,46.1,Java,0.0
prometheus,prometheus,6.767343125265392,7.242797922793756,84.4,Go,0.4453863366980782
marvinroger,homie-esp8266,4.143134726391533,5.10594547390058,49.1,HTML,0.8310688163325148
core-plot,core-plot,6.651571873589727,5.54907608489522,88.8,Objective-C,0.0818889849910603
tarruda,zsh-autosuggestions,4.02535169073515,5.135798437050262,52.4,Shell,0.1247948566358144
pinterest,PINCache,4.68213122712422,5.648974238161206,57.4,Objective-C,0.2762038079853211
gleitz,howdoi,2.6390573296152584,6.7580945044277305,32.1,Python,0.582099409277325
playcanvas,engine,6.198478716492308,5.638354669333745,77.5,JavaScript,0.0004236168687991
raboof,nethogs,3.7376696182833684,5.631211781821365,51.2,C++,0.8516483379479848
drgomesp,symfony-docker,3.6375861597263857,5.117993812416755,36.9,PHP,0.2805825382003647
zeroc-ice,ice,8.684570300824369,5.220355825078324,92.6,C++,1.8851744958093344
dzenbot,DZNEmptyDataSet,7.034387929915503,7.325148957955575,72.9,Objective-C,0.1477832718595248
ppoffice,hexo-theme-icarus,5.3471075307174685,5.313205979041787,44.9,JavaScript,0.6273494298272903
marcuswestin,store.js,3.367295829986474,6.642486801367256,47.5,JavaScript,0.1472145505250925
